{"type":"FeatureCollection","crs":{"type":"name","properties":{"name":"EPSG:4326"}},"features":[{"type":"Feature","id":4,"geometry":{"type":"Polygon","coordinates":[[[-111.944695127486,40.8327545279615],[-111.944691668247,40.8326776172232],[-111.944682198881,40.8326009961272],[-111.944666752586,40.832524933306],[-111.944645383517,40.8324496954358],[-111.944618166593,40.8323755463015],[-111.944585197235,40.8323027458716],[-111.944546591033,40.8322315493869],[-111.94450248334,40.8321622064656],[-111.944453028795,40.832094960228],[-111.944398400785,40.8320300464439],[-111.944338790833,40.8319676927061],[-111.94427440793,40.8319081176325],[-111.944205477801,40.8318515300989],[-111.944132242112,40.8317981285075],[-111.944054957625,40.8317481000904],[-111.943973895297,40.8317016202535],[-111.943882555267,40.8316557324959],[-111.943787506575,40.8316143809527],[-111.943689142172,40.8315777365885],[-111.943587868717,40.8315459509068],[-111.943484104897,40.8315191553233],[-111.943378279693,40.8314974606228],[-111.943270830609,40.8314809565008],[-111.943162201861,40.8314697111927],[-111.9429911258,40.8314562423011],[-111.943070507227,40.8313521662024],[-111.943062131335,40.8313502107085],[-111.942885359057,40.8305005489473],[-111.943298496951,40.8300110821755],[-111.943836379397,40.8291025169249],[-111.943994951808,40.8283422673063],[-111.943599131635,40.8274003515733],[-111.944096664454,40.8265416610845],[-111.944940864327,40.8257694911329],[-111.946169792873,40.8245000533894],[-111.946698366976,40.8238517115368],[-111.946420445295,40.8220530452032],[-111.946301301739,40.8217967446005],[-111.945874530114,40.8217972714431],[-111.941415539182,40.8218025752181],[-111.941344022506,40.8218018077275],[-111.940447084339,40.8218033576642],[-111.9380360151,40.821808573745],[-111.937799449159,40.8218090557209],[-111.929542851025,40.8218151609752],[-111.919820332603,40.8218216523535],[-111.910427689027,40.8218268840681],[-111.907303167908,40.821828438083],[-111.905676691729,40.8218290566979],[-111.905680505078,40.8200782529331],[-111.905681066525,40.8198841180248],[-111.900919083729,40.8198879821015],[-111.900919030728,40.8200768878656],[-111.900918004852,40.8218326249498],[-111.891144498054,40.821831692269],[-111.891137026766,40.8218316603186],[-111.875840835705,40.8218285380131],[-111.87559131516,40.821790795018],[-111.875295171154,40.8218146620044],[-111.874784959513,40.8217915067654],[-111.874459361545,40.8218300090928],[-111.873759022373,40.8217767606087],[-111.872840331502,40.8218017315903],[-111.872502284681,40.821795280318],[-111.872268948184,40.8217888473997],[-111.872116751117,40.8217846829634],[-111.871523305176,40.8217441255821],[-111.870906203898,40.8217082485839],[-111.870514204261,40.8217472404138],[-111.870273673157,40.8218526510722],[-111.869991396444,40.8220304434001],[-111.869886741815,40.8221888788322],[-111.869783145401,40.8224283816604],[-111.869710897496,40.8227982695435],[-111.869644636862,40.8231726160984],[-111.869448119614,40.8235614568248],[-111.869291336648,40.8238148724357],[-111.869038869629,40.8240059504507],[-111.868696705829,40.8241391486795],[-111.868387517386,40.8241639970923],[-111.868211073891,40.8241833420586],[-111.868033445518,40.8242026951765],[-111.867707115423,40.8241862324508],[-111.867434168613,40.8241711693728],[-111.866787637628,40.8241535075203],[-111.866503407977,40.8241826677244],[-111.866113806842,40.8243162150005],[-111.865842546169,40.8244308555708],[-111.865588368757,40.8244913176752],[-111.865405207661,40.8245413364381],[-111.865334308127,40.8245607859786],[-111.865161552216,40.8244990228593],[-111.865109132825,40.8244804984668],[-111.865000713356,40.8244416747873],[-111.864667061992,40.8243180592194],[-111.864303709629,40.8241901601756],[-111.863911298563,40.8241075201999],[-111.863643451488,40.8240284502944],[-111.863334571168,40.8239857203664],[-111.862956180109,40.8240696269121],[-111.862631906258,40.8242116817646],[-111.862209115966,40.8245301352077],[-111.861725575306,40.8247364358996],[-111.86127114096,40.8249010792802],[-111.860822014759,40.825017936909],[-111.86011687499,40.8250538243527],[-111.859606014766,40.8249819617563],[-111.859142598166,40.8248187590005],[-111.858593285556,40.8246156561934],[-111.858467734317,40.8245355148982],[-111.858383743635,40.8244595690443],[-111.858268831144,40.8242847606268],[-111.858139152146,40.8243442800224],[-111.858081373405,40.8244618184018],[-111.858060037519,40.8246466488479],[-111.857997548911,40.8248588101157],[-111.857900008041,40.8251117694069],[-111.857807177038,40.8252701063904],[-111.857697081313,40.8254691089249],[-111.857551701561,40.8256908942804],[-111.85744166243,40.8258944009679],[-111.857383996877,40.8260209460546],[-111.85729127996,40.8261882902992],[-111.857116077937,40.8263967841437],[-111.856917332867,40.8266189654086],[-111.856623837094,40.8268508588071],[-111.856241462006,40.8270879147201],[-111.855946457064,40.8272027081992],[-111.855621862514,40.8273222249946],[-111.855573990394,40.8273437496457],[-111.855397830767,40.8274229780562],[-111.855144615451,40.827559980712],[-111.854855824155,40.8276972468226],[-111.854607958307,40.8277891668324],[-111.854277053092,40.8279717849886],[-111.854013969783,40.8281719166068],[-111.853837885615,40.8283128499541],[-111.853709523547,40.8284759503086],[-111.853658240524,40.8286384799713],[-111.853688752701,40.8287058170676],[-111.853743617307,40.8288225198121],[-111.853810757391,40.8289715615562],[-111.853807704916,40.8291958923087],[-111.853666546347,40.8292861197773],[-111.853619065893,40.8292828679962],[-111.853494493818,40.8292792851912],[-111.853426773422,40.8292698771835],[-111.853345973555,40.8292578631265],[-111.853298108622,40.8292430832844],[-111.853118552464,40.8291874780415],[-111.852852748158,40.829175930938],[-111.852657314278,40.8291953927138],[-111.852468385099,40.8292598472303],[-111.852297070985,40.8293106590282],[-111.852143775278,40.8293793542007],[-111.85185968846,40.8294219895711],[-111.851599099772,40.8294473355976],[-111.851130732556,40.8294543951531],[-111.851047953701,40.8294730228328],[-111.850953361101,40.8294953406964],[-111.850882394194,40.829510277497],[-111.850562154677,40.8295081350265],[-111.850195160544,40.8295594849702],[-111.850011651799,40.8295842593021],[-111.849792267935,40.8295858756693],[-111.849591533995,40.8296549165322],[-111.849438866211,40.8297731496841],[-111.849210439007,40.829995536465],[-111.849099045217,40.8300954480598],[-111.848912351047,40.8303355435893],[-111.84884747292,40.8303630459836],[-111.84878378057,40.8303905395302],[-111.848593867736,40.8303784243995],[-111.848403554253,40.8303347823148],[-111.848240725624,40.830214366934],[-111.847942192099,40.8300544111259],[-111.847543263756,40.8299267209419],[-111.84715659562,40.8298304693557],[-111.846811148478,40.8297113927787],[-111.846603450798,40.8296994046309],[-111.846371978305,40.8296830860101],[-111.846265422841,40.829697380437],[-111.84595294387,40.8298393022455],[-111.845706200916,40.8300212785447],[-111.845388533275,40.8302217907327],[-111.845100625921,40.8304310923036],[-111.844872124157,40.8306489670277],[-111.844690084158,40.8307899290956],[-111.844591456327,40.8309618105574],[-111.844499900033,40.8312237233706],[-111.844404641782,40.8316613258618],[-111.8443607483,40.8319409065701],[-111.844238457048,40.8321174640419],[-111.844073915332,40.8322357770843],[-111.843890099364,40.8322371215109],[-111.843681766574,40.8321755871201],[-111.843420752984,40.8321684870729],[-111.843141379625,40.8321164791695],[-111.84295152069,40.8321088584725],[-111.842625510395,40.8321202487362],[-111.842336274433,40.8322259569243],[-111.842183246425,40.8323171576625],[-111.841951434369,40.8323683960011],[-111.841692517446,40.8324333436054],[-111.841412870102,40.8324534005111],[-111.841349561332,40.8324178290487],[-111.841217014014,40.8323467282073],[-111.840965306969,40.8322314549362],[-111.840405021438,40.8319112372887],[-111.840195384295,40.8317461090181],[-111.839776398369,40.8314383716824],[-111.839702971874,40.8312587387994],[-111.83911215081,40.8309612572792],[-111.838861922393,40.8308684893179],[-111.838476112148,40.8308397650252],[-111.838030157898,40.8307439137513],[-111.837857467565,40.8306866132214],[-111.83759538947,40.8306885163975],[-111.837152320609,40.8307277659937],[-111.836766852623,40.8307260585739],[-111.836263145683,40.8307531325919],[-111.835705927899,40.8307688813565],[-111.835451313008,40.8307986517453],[-111.835214757848,40.8308499102891],[-111.835055680584,40.8309321374395],[-111.834832282149,40.8310868961706],[-111.834644572882,40.8312504049985],[-111.834491762266,40.8313596109444],[-111.834365071963,40.8314238560493],[-111.834338555493,40.8314372902828],[-111.834061619264,40.8315789222149],[-111.833772484811,40.8316936168403],[-111.833305745342,40.8318321148355],[-111.83298001622,40.8318659968938],[-111.832516890674,40.8319143815494],[-111.832429269001,40.8319258241829],[-111.832222051021,40.8319525422317],[-111.831961038329,40.8319454163323],[-111.831249213298,40.8319280270681],[-111.830856964827,40.8318587860233],[-111.830566473919,40.831865381771],[-111.830199629805,40.8319310809288],[-111.829981585329,40.8320407499831],[-111.829692228095,40.8321383203596],[-111.829260706178,40.832248622542],[-111.829084838504,40.8324120374269],[-111.829004629728,40.8326378226219],[-111.828930798992,40.8328995955966],[-111.828826701318,40.8331120403951],[-111.828663868198,40.8333699482064],[-111.828429596555,40.8336058484741],[-111.82813537674,40.8337899295813],[-111.828086797646,40.8337938818852],[-111.827851121038,40.8338216975337],[-111.827560508857,40.8338192785753],[-111.827251985168,40.8338070777526],[-111.826706071783,40.8337803631699],[-111.826338318574,40.8337739891864],[-111.825881172214,40.8337322211604],[-111.825353037387,40.8337044714027],[-111.825026681241,40.8336887892637],[-111.824699989125,40.833646083232],[-111.824315953951,40.8337614328858],[-111.824033112198,40.8339075871534],[-111.82367251407,40.8340002461932],[-111.823221966734,40.8340124707688],[-111.82289700118,40.8341093769241],[-111.822536400357,40.8342020322835],[-111.822139552512,40.8342408944273],[-111.821779005588,40.8343380510463],[-111.821449273573,40.8345295751862],[-111.821215027981,40.834769964586],[-111.820591855889,40.8352113049066],[-111.820352028166,40.8353841692456],[-111.820080843849,40.8356113063481],[-111.819793165566,40.8358475683719],[-111.819481043226,40.8360254495952],[-111.819163711555,40.836261920834],[-111.818863944643,40.8364802494315],[-111.818736644384,40.8367378913125],[-111.818685712602,40.8369364366945],[-111.818652958231,40.8371663821855],[-111.818538003519,40.8374635728451],[-111.818403506856,40.8376185705139],[-111.817868521477,40.8380007157659],[-111.817645335943,40.838177960516],[-111.8173924548,40.8383518127732],[-111.817280822957,40.8384372819518],[-111.817198243527,40.8384739002066],[-111.816925512312,40.8384803362638],[-111.81657607665,40.8385188438536],[-111.81631054633,40.8386288234729],[-111.816039471608,40.8387703707207],[-111.815663777292,40.8389892286365],[-111.815425974371,40.8390584724287],[-111.815153809095,40.839091925352],[-111.814993417596,40.8390705377202],[-111.814768456092,40.839103655585],[-111.814479365658,40.8392273101925],[-111.814255891764,40.8393820298519],[-111.813985304828,40.8395641063677],[-111.813607422215,40.8397018974342],[-111.813123893234,40.8399305162462],[-111.812627730346,40.8400961623825],[-111.812080880019,40.8399964174114],[-111.811570381816,40.8399594724253],[-111.811177665323,40.8398541340437],[-111.810612040206,40.8396734386199],[-111.810081177196,40.8394249340346],[-111.809830791573,40.8393185916886],[-111.809515832353,40.8392667518228],[-111.809141242964,40.8391883048538],[-111.80879706065,40.8391718009937],[-111.808353290205,40.8392568878495],[-111.808228711841,40.8392541571447],[-111.808021088721,40.8392502065256],[-111.80785498753,40.8392468655236],[-111.807397759423,40.839200520997],[-111.806981170202,40.8390818228061],[-111.806653861842,40.8389895242715],[-111.806320679398,40.8389017702377],[-111.805963395155,40.8387826535438],[-111.805563618802,40.83858275784],[-111.805046605118,40.8384962836826],[-111.80471897606,40.838376956935],[-111.804398476031,40.838356670748],[-111.804120847201,40.8384486901578],[-111.803873849125,40.8386215705217],[-111.803639144494,40.8388303983845],[-111.803315212901,40.839017325507],[-111.803031704597,40.8391138872553],[-111.80255304179,40.8392568484316],[-111.80219901933,40.8394079483855],[-111.801940531802,40.8396124337546],[-111.801741139046,40.8397993919726],[-111.801482246378,40.8399705487194],[-111.801122136035,40.840109076317],[-111.800732253727,40.8402379001851],[-111.80045461232,40.8403299101873],[-111.800270782877,40.8403320869682],[-111.800033613269,40.8403373348922],[-111.799730300707,40.8402673713723],[-111.799297548997,40.8402838831149],[-111.799056039628,40.8404215822977],[-111.798938882247,40.8405431059247],[-111.798768632636,40.8406884188437],[-111.798622546807,40.840870498567],[-111.798394818493,40.8411684500804],[-111.798202867381,40.8413540888906],[-111.798136851988,40.8414179648042],[-111.797872737413,40.8416495053856],[-111.797513571199,40.8418681893342],[-111.797234840136,40.8419692077589],[-111.796864618357,40.842156437281],[-111.796694251965,40.8422927394207],[-111.796518454358,40.8424213313836],[-111.796365000548,40.8425337347215],[-111.796217976879,40.842638345768],[-111.795947446536,40.8428302890144],[-111.795484850996,40.8429316709073],[-111.795160286091,40.8429699421357],[-111.794752422205,40.8430853571154],[-111.794503980537,40.8432402104804],[-111.794164901552,40.843553333702],[-111.793977379135,40.8437438003072],[-111.793554134295,40.8440620050027],[-111.793207338781,40.8443256329331],[-111.792983798413,40.8444803114705],[-111.792640836909,40.8445682483964],[-111.792244819107,40.8446835729292],[-111.791901748907,40.8447624999604],[-111.791618091483,40.8448500260574],[-111.791168791009,40.8449738201272],[-111.790921273707,40.8451079405284],[-111.790614147796,40.845217245288],[-111.790177580043,40.8453148241333],[-111.789910149786,40.8453707060201],[-111.789673602711,40.8454299795169],[-111.789236230965,40.8455599904161],[-111.788868947575,40.8455985360252],[-111.788542753125,40.8456007663177],[-111.788151533226,40.84562145666],[-111.788086187077,40.8456128949758],[-111.787783182637,40.8455699227659],[-111.787491932652,40.8455178608184],[-111.787017307772,40.8455075873248],[-111.786601778562,40.8454788924798],[-111.786120958001,40.8454461366051],[-111.785769923338,40.8453539407115],[-111.785363492266,40.8450909617721],[-111.78513043784,40.844943910678],[-111.784873130698,40.8447519817076],[-111.78461794897,40.8447402049049],[-111.784374512715,40.8447184392205],[-111.784029531798,40.8446361054889],[-111.783577204001,40.8445040534055],[-111.783088711828,40.844322699247],[-111.782684807716,40.8441722982192],[-111.782296696886,40.8440533180763],[-111.781999103897,40.8439652520285],[-111.78175525801,40.8439083509604],[-111.781529733263,40.8438963660592],[-111.781274820131,40.8439071012308],[-111.780980242787,40.8440757506358],[-111.780797660205,40.8441850869987],[-111.780407079906,40.8442597972334],[-111.780099369192,40.8443204328945],[-111.77975133041,40.8443813403262],[-111.779354130426,40.8443975370848],[-111.778862117755,40.8445224729877],[-111.778542543889,40.8445831845195],[-111.778141360775,40.8447660588236],[-111.777918429464,40.8448846707245],[-111.777899685217,40.8448947064686],[-111.777635685627,40.845143315585],[-111.777365711341,40.845388360862],[-111.777014912934,40.8458231258296],[-111.776757216822,40.8461041200729],[-111.776305058807,40.8464945238252],[-111.775887799442,40.8468261362354],[-111.775300427011,40.8473210408565],[-111.774894808914,40.8476345545553],[-111.774522885725,40.8477856904523],[-111.77409294125,40.8479462225296],[-111.773707285516,40.8480388932043],[-111.773251694139,40.8481365358476],[-111.772814731127,40.8483061190295],[-111.772585720917,40.8485058365932],[-111.772297712054,40.8487329742606],[-111.772055623271,40.8488282817308],[-111.771741493196,40.8488493013119],[-111.771354993045,40.848869902982],[-111.770846571747,40.8489138393279],[-111.770442733213,40.8488714957753],[-111.770121941232,40.8488294967121],[-111.769877920173,40.8487581579735],[-111.769597646703,40.8486294070665],[-111.76915098997,40.8484747395722],[-111.768811616337,40.848364397795],[-111.768514645881,40.848330342736],[-111.768254822558,40.8484311658009],[-111.767865762208,40.8486409487431],[-111.767577216153,40.8488230358381],[-111.767288149074,40.8489600846482],[-111.766999444915,40.8491286593583],[-111.766711050674,40.8493242559046],[-111.766244355223,40.8494895075494],[-111.765701071207,40.8497003070866],[-111.765293786735,40.8498741685325],[-111.765111006524,40.8499699690432],[-111.764910473807,40.8500694903959],[-111.764716047837,40.8501842841743],[-111.764515472,40.850280201791],[-111.764275287646,40.8504394394869],[-111.764079714527,40.8505578434981],[-111.76387304991,40.8506402874262],[-111.763583554335,40.850741296557],[-111.763199208344,40.8508474357517],[-111.762809043066,40.8509635219463],[-111.762566880622,40.8510543061948],[-111.762248136799,40.8511915379307],[-111.762100989163,40.8512916024033],[-111.761924286055,40.8514008697836],[-111.761688424394,40.851524040073],[-111.761393918016,40.851706151861],[-111.761199986119,40.8518650776421],[-111.760988312496,40.8520286249123],[-111.760786743122,40.8521425591445],[-111.760558766873,40.8523332375237],[-111.760477580731,40.8524959234139],[-111.760380197964,40.8526947491021],[-111.76034532806,40.8528616332812],[-111.760262232997,40.8529612732761],[-111.760157375349,40.8530250224914],[-111.759996964986,40.853003558498],[-111.75978264762,40.8529365070009],[-111.759591255261,40.8527990390231],[-111.759489339595,40.8527051220445],[-111.75936978461,40.8526248339604],[-111.75922330532,40.8525763427941],[-111.759089925263,40.8525320881614],[-111.758863450099,40.8524389909401],[-111.758691026565,40.8524040913393],[-111.758448350284,40.8524507290031],[-111.758216504093,40.8525108074685],[-111.758027056586,40.852543582274],[-111.757918498777,40.8525849232836],[-111.757862880484,40.8526077191954],[-111.757650424428,40.8527037026108],[-111.757526529682,40.8527630707909],[-111.757337645419,40.8528453862715],[-111.757136999514,40.8529367869457],[-111.756906900545,40.8530463974663],[-111.75664157055,40.8531877671562],[-111.756626619889,40.8531979552042],[-111.756441435786,40.8533242056044],[-111.756264667101,40.8534289606527],[-111.756034923865,40.8535700957882],[-111.75579341809,40.8537203164909],[-111.755598596861,40.8538026681531],[-111.755356527841,40.8539033456387],[-111.755190902757,40.8539449670994],[-111.754971433553,40.8539464041726],[-111.754763367564,40.8539072281171],[-111.754269461244,40.8537708289198],[-111.753786500896,40.8535532815937],[-111.753637037403,40.8534506623236],[-111.753463440669,40.8533121666893],[-111.75335141716,40.8532364175514],[-111.753272151616,40.8531827947576],[-111.753075288516,40.8530849883225],[-111.752866920693,40.8530187855743],[-111.752659164622,40.8530066290542],[-111.752521807724,40.8530300458625],[-111.75230408754,40.8530810120282],[-111.752115399109,40.8531813345656],[-111.752015327685,40.8532495497546],[-111.752012271616,40.8532520916683],[-111.751762612731,40.8534583892826],[-111.751574838785,40.853639779592],[-111.75145722506,40.8537306294795],[-111.751263619252,40.8539210661541],[-111.751128422802,40.8540309475124],[-111.750927856846,40.8541304444198],[-111.750804157035,40.8542078205327],[-111.750498152222,40.8544260125577],[-111.75019248248,40.8547793265987],[-111.749784664409,40.8552278921765],[-111.749707381447,40.8553184776173],[-111.749232542768,40.8558215265429],[-111.74893975846,40.8561612408548],[-111.748693614683,40.856428585438],[-111.748479104179,40.8568713870536],[-111.748343835864,40.8575028489602],[-111.748237261535,40.8580485458171],[-111.748215456728,40.8587468342847],[-111.748189090276,40.8590397769492],[-111.74812028741,40.8592519191945],[-111.748051758531,40.8593829845972],[-111.747739462815,40.8596777805923],[-111.747274368162,40.8599960867765],[-111.746843495727,40.8601925568849],[-111.745950113092,40.8604100341713],[-111.745061646937,40.8605373891192],[-111.744801133708,40.8605841134557],[-111.744546552953,40.8606307983541],[-111.743692011675,40.8606092865494],[-111.742742001939,40.8605388362405],[-111.742219314496,40.8604836465459],[-111.741975842308,40.8604626924812],[-111.74178576059,40.8604413939538],[-111.741189100477,40.8605623380289],[-111.740891626964,40.8606039756878],[-111.740210553062,40.8606992429823],[-111.739495257839,40.8609290394463],[-111.738916550556,40.8611714691093],[-111.738843225571,40.8610863594355],[-111.738682539425,40.8609342470137],[-111.738384026561,40.8607649998441],[-111.738133982298,40.8606864254584],[-111.737837797867,40.8606198573164],[-111.737378681502,40.860519196832],[-111.736962078806,40.8604002467202],[-111.736457092666,40.860335909446],[-111.7361541017,40.8602973058285],[-111.735683963006,40.8601651803274],[-111.735202012365,40.8600376317129],[-111.734624750472,40.8598746552124],[-111.734035029844,40.8596577047481],[-111.733331068665,40.859409948396],[-111.732789205784,40.8591206204934],[-111.732442812715,40.8589111248337],[-111.732287537122,40.8588175229369],[-111.732161674167,40.8587012133867],[-111.732064777389,40.8585216611792],[-111.731956215987,40.8583601994569],[-111.731770092247,40.8581586927785],[-111.731560935702,40.8580203897519],[-111.731344612399,40.857877628037],[-111.730962884099,40.8575827717143],[-111.730586013887,40.8572977923547],[-111.730538201955,40.8572656653626],[-111.730203332475,40.8570236589609],[-111.729874961407,40.8568329587502],[-111.72965973315,40.8566811783186],[-111.729438574215,40.8565294349084],[-111.729253698235,40.8564405205116],[-111.729062791864,40.8563426353144],[-111.728896008852,40.8562806307047],[-111.728836493668,40.8562629896359],[-111.72843772792,40.8561438959921],[-111.727711973612,40.8559593014742],[-111.727342919642,40.8558445204192],[-111.727158048153,40.8557556023854],[-111.726973079646,40.8556576760886],[-111.726835959005,40.8555954819506],[-111.726370868843,40.8553777062049],[-111.726281400234,40.855333227865],[-111.725983189204,40.8551864672048],[-111.725738660597,40.8550663932094],[-111.725535556003,40.8549370498432],[-111.725356179508,40.8548075560642],[-111.725189256359,40.854732034896],[-111.725052532773,40.8547058689169],[-111.724761535215,40.8546761683777],[-111.724524609948,40.8547091860379],[-111.724329550666,40.8547734696643],[-111.724146147922,40.8548187623711],[-111.72342503521,40.8550584055268],[-111.722602528752,40.8552482329914],[-111.722566666209,40.8552562043442],[-111.721867524492,40.8554113812253],[-111.721473679715,40.855525548807],[-111.721106578683,40.8556990036044],[-111.72093509299,40.8557496211982],[-111.720864155727,40.8557725858831],[-111.720751060528,40.8557372586267],[-111.720685371222,40.8556971317216],[-111.72060767234,40.8556435666344],[-111.720337326152,40.855329963093],[-111.720029880441,40.8548769599887],[-111.719861988009,40.854711352834],[-111.719598116878,40.8544472525471],[-111.719178271263,40.8540219737991],[-111.718771559019,40.8537137201999],[-111.718341513933,40.8534416436865],[-111.718234161663,40.8533882622717],[-111.717983624225,40.8532592003289],[-111.717701802957,40.8531884371186],[-111.717686218086,40.8531844798558],[-111.717371504106,40.8531549084144],[-111.717176004649,40.8531786452031],[-111.717069955834,40.8532129953803],[-111.716963196453,40.8532475303566],[-111.716609386893,40.8534434089558],[-111.716468096272,40.8535433789783],[-111.716391275942,40.8535708812568],[-111.716284894751,40.8536075754047],[-111.716136604458,40.8536084960876],[-111.716017729498,40.8535867129319],[-111.715910717689,40.8535648563862],[-111.715547580024,40.8534454962951],[-111.715279494895,40.8533390588965],[-111.715187455308,40.8532862094273],[-111.715046709964,40.8532053764291],[-111.714909459965,40.8531296557071],[-111.71421743021,40.8527645996195],[-111.713734944172,40.8525784104558],[-111.713526132581,40.8524670977369],[-111.713150321484,40.8522712373153],[-111.712613107384,40.8519592642091],[-111.712445047866,40.8517756310604],[-111.712372905064,40.8516859927415],[-111.712248200038,40.851673250256],[-111.712141722727,40.8517009326963],[-111.712041467148,40.8517556017446],[-111.71166488889,40.8520416894063],[-111.711092616239,40.8523334862148],[-111.710524836064,40.8524910284244],[-111.710465462814,40.8524859887048],[-111.710406147954,40.8524863542663],[-111.710240017118,40.8524828732787],[-111.709991142462,40.8525078272605],[-111.709760956357,40.8526164430512],[-111.709613532938,40.8526984257688],[-111.70923530627,40.8528313727043],[-111.709063339081,40.8528369342372],[-111.708837987708,40.8528428232783],[-111.708814261405,40.8528429693662],[-111.70839862889,40.8528058854534],[-111.708083431616,40.8527303490934],[-111.707946621791,40.8526951554312],[-111.707827665085,40.8526652569413],[-111.707298645417,40.8525640047713],[-111.707073342554,40.8525743940417],[-111.706990396612,40.8525839108566],[-111.706872436138,40.8526476923706],[-111.706743330265,40.8527791051438],[-111.706632496125,40.8529554474369],[-111.706306068114,40.8534979488257],[-111.706211997436,40.8536442797243],[-111.705910405147,40.854112939351],[-111.705532131767,40.854466580524],[-111.705180089194,40.8547209671841],[-111.70494928415,40.8548845284678],[-111.704585373933,40.8551389862247],[-111.704444728302,40.8553019961192],[-111.704257334344,40.855531952633],[-111.70408002667,40.8556613145417],[-111.704063072766,40.855673668974],[-111.703863058376,40.8558325363179],[-111.703757477584,40.8559457852413],[-111.703670215238,40.8561084676963],[-111.703368856511,40.8567814294988],[-111.70316742997,40.8573682012682],[-111.702966524451,40.8580045149736],[-111.70282174657,40.8583387066181],[-111.702682089985,40.8585962961407],[-111.702525112084,40.8588990325805],[-111.702298040438,40.8593057911761],[-111.701948911101,40.8599520144249],[-111.701611733849,40.8606071715805],[-111.701438232336,40.8610316199564],[-111.701245696422,40.8613390745099],[-111.701110772161,40.8614840286293],[-111.700987095706,40.861570360013],[-111.700880550123,40.8615935278556],[-111.700750085998,40.86159882505],[-111.700619669483,40.8616086252324],[-111.700524799304,40.8616137057007],[-111.700056189543,40.8616210553264],[-111.699308191152,40.8615760464993],[-111.699124146113,40.8615636496869],[-111.698482978071,40.8615224922803],[-111.698049963155,40.8615296177176],[-111.697730850125,40.8615360522151],[-111.697516061144,40.8615337484055],[-111.697409269423,40.8615334929551],[-111.697088874497,40.8615309255423],[-111.696857890688,40.8615683544565],[-111.696627141339,40.861628303043],[-111.696295825594,40.8617158829531],[-111.695922839698,40.8617902004387],[-111.69582796952,40.8617952768167],[-111.695721280207,40.8618049288637],[-111.695574110112,40.8618013124885],[-111.695430122748,40.8617616430873],[-111.695203986248,40.8616954435747],[-111.694899787049,40.8615396298797],[-111.694600147698,40.8613657718705],[-111.694433346719,40.8611866087047],[-111.694295256795,40.8610297937437],[-111.69400659306,40.8607702882727],[-111.693732402981,40.8605332162463],[-111.693403685164,40.8603009752793],[-111.692991777962,40.8600557208629],[-111.692531994148,40.8597702147308],[-111.692287554475,40.8596545733534],[-111.691959540039,40.8594889856157],[-111.691511919414,40.8592313282262],[-111.691231094378,40.8590393312529],[-111.690823901534,40.8587895370528],[-111.690759460888,40.8587538893611],[-111.690503256877,40.8586473225691],[-111.690324966446,40.8586168608091],[-111.690063729175,40.8585968036671],[-111.689822064397,40.8586333815682],[-111.689406657358,40.8587349573771],[-111.688920550212,40.8587693909594],[-111.688724743531,40.8587660556974],[-111.688552655967,40.8587616782081],[-111.688178932555,40.858763908737],[-111.68771637654,40.8587810803415],[-111.687502959286,40.8587958651479],[-111.687425888327,40.8588008289722],[-111.687218403547,40.8588155777651],[-111.686802680302,40.8587721113482],[-111.686679170933,40.8587611353532],[-111.686594740076,40.8587427204084],[-111.68645185764,40.8586940251386],[-111.686332843442,40.8586586994401],[-111.686136014478,40.8585562742392],[-111.686028027998,40.8584398079635],[-111.685793099686,40.8580943825423],[-111.685636776657,40.8578926236673],[-111.685561121442,40.8578392030351],[-111.685308100163,40.857660359174],[-111.68459203688,40.8572547305635],[-111.684084296505,40.8569154247652],[-111.683749467449,40.856660671481],[-111.683659459851,40.8565612116661],[-111.683587545221,40.8564904716865],[-111.68348563764,40.8563874798754],[-111.68339605764,40.8563294561633],[-111.683144907551,40.8562507691639],[-111.682848980039,40.8562020741006],[-111.682783729112,40.8562024607043],[-111.682303245419,40.8562053034985],[-111.680927413578,40.8562494673499],[-111.680517974047,40.8562383706754],[-111.680037351116,40.8562276925365],[-111.679426088888,40.8562042693845],[-111.679022259336,40.8561616057165],[-111.678760805571,40.856119003171],[-111.678540718327,40.8560608426552],[-111.678278970813,40.8559894145415],[-111.677981146058,40.8558704528981],[-111.677689290609,40.8557550595059],[-111.677188674772,40.8555282856358],[-111.676771703767,40.8553595736513],[-111.676504083966,40.8552935804094],[-111.676201020237,40.8552422082733],[-111.675750101897,40.8552349415126],[-111.675382465468,40.8552506070033],[-111.675067120871,40.8552749742535],[-111.674677766772,40.8553718398111],[-111.674505788803,40.8553773494923],[-111.674393130185,40.8553825126523],[-111.674315787934,40.8553604440303],[-111.674272941888,40.8553471817906],[-111.674125193278,40.8552849866816],[-111.674011483631,40.8551865589311],[-111.673927616916,40.8551059735349],[-111.673885409573,40.8550386571393],[-111.673753129952,40.8548637669569],[-111.673435461413,40.854541319935],[-111.673004090414,40.8541204440477],[-111.67278111239,40.8539278846104],[-111.672656997558,40.8538206876615],[-111.672370773647,40.8536737184507],[-111.672132686859,40.8535940308337],[-111.671817761775,40.8535418148351],[-111.67152095032,40.8535210223272],[-111.670998962665,40.8535240595653],[-111.670554314565,40.8535491660359],[-111.670222503849,40.8535871280887],[-111.670126546708,40.8536011978921],[-111.669961645667,40.8536021559459],[-111.669884307009,40.853580084013],[-111.669806605432,40.8535219810616],[-111.669638704915,40.853342787847],[-111.669458442682,40.8531141208537],[-111.669313725886,40.8528807429286],[-111.669199031686,40.8526832237596],[-111.669127172751,40.8526160774905],[-111.66904322429,40.8525264810776],[-111.668845760217,40.8523564663531],[-111.668081903867,40.8519014656061],[-111.667497720454,40.8516165793588],[-111.667277306223,40.851523266811],[-111.666622520619,40.8512837358952],[-111.666598586805,40.8512749561452],[-111.666413808741,40.851185939567],[-111.666169445424,40.8510702424342],[-111.665900681169,40.8508871218815],[-111.665732932468,40.8507214354446],[-111.665433206878,40.8504078711184],[-111.665194824545,40.85029664105],[-111.66487973956,40.8502263904201],[-111.66454142594,40.8502058190701],[-111.664202330784,40.8502257890578],[-111.664007511352,40.8501998849472],[-111.663834736577,40.8501243082433],[-111.663560131476,40.8499493235471],[-111.663308283396,40.849676917641],[-111.663155958768,40.8492724157106],[-111.663047893236,40.8491424154923],[-111.662983017805,40.8490608116225],[-111.662814283652,40.8489140438631],[-111.662615974265,40.8487755530157],[-111.66218701614,40.8484672267613],[-111.662067539309,40.8483823331624],[-111.66200154278,40.848307041145],[-111.661959074027,40.848211796121],[-111.661928746004,40.8481444068066],[-111.661891500954,40.8479779653506],[-111.661858304611,40.8476223243373],[-111.661838494064,40.8474197493877],[-111.661777695188,40.8472705588463],[-111.661645337414,40.8470830427364],[-111.661376064712,40.8468458646459],[-111.661124854436,40.8466356071367],[-111.66079661093,40.8463131859864],[-111.660741320522,40.8462405350531],[-111.660633139108,40.8460979205591],[-111.660553531306,40.8458461415237],[-111.660540506632,40.8457291072237],[-111.660527660724,40.845630088337],[-111.66052110392,40.8455670672834],[-111.660471196218,40.8453196217969],[-111.660464729246,40.8452656086468],[-111.66045817424,40.8452025872466],[-111.660475115568,40.8451169106921],[-111.660527644554,40.8450310301593],[-111.660710071727,40.8448858511205],[-111.660875377011,40.8448083329661],[-111.660999254688,40.8447400601582],[-111.66111720079,40.8446718212582],[-111.661380890462,40.8444676212849],[-111.661622870548,40.8442275110165],[-111.661899163584,40.8439790955398],[-111.66248101497,40.8434433595351],[-111.662710386303,40.843248361327],[-111.662769154987,40.8431939734008],[-111.662969005883,40.8430126571117],[-111.663156545368,40.8427863690225],[-111.663301939494,40.8424972648203],[-111.663359181042,40.842289742443],[-111.663491993363,40.8419286423347],[-111.663778281055,40.8414945925772],[-111.663922996054,40.8411379279547],[-111.663991691122,40.8408898012814],[-111.664030058167,40.8405742868609],[-111.664056834251,40.8402858634908],[-111.664074127719,40.8396416632773],[-111.664177548961,40.8393077572293],[-111.664314150376,40.8387925005973],[-111.664331869645,40.8387258261831],[-111.66466681638,40.8379401660734],[-111.664840871255,40.8374346923746],[-111.664904303992,40.8372541589058],[-111.664961806052,40.8370736589272],[-111.665018468186,40.8366904752718],[-111.665026801857,40.8364562082964],[-111.665015083334,40.8363517784738],[-111.665007346145,40.8362896647637],[-111.664988205741,40.8361546490901],[-111.665011402038,40.8359833560753],[-111.665061966409,40.8358209130614],[-111.665107831693,40.8356630015875],[-111.66516650246,40.8355996040427],[-111.66534327923,40.8354859798368],[-111.665519205295,40.835441544556],[-111.665562151054,40.8354306666447],[-111.665751011961,40.8353394932977],[-111.665903615965,40.8351809649053],[-111.666008284069,40.8349731674674],[-111.666041430106,40.8347297488611],[-111.666026594429,40.8344325568204],[-111.666059425158,40.8341576110949],[-111.666060712444,40.8336936706893],[-111.666068560126,40.8332927509857],[-111.666102110405,40.8330898678413],[-111.666147160018,40.8328508847321],[-111.666178772632,40.8324543323629],[-111.666140083091,40.832143765363],[-111.666127682746,40.8320897863353],[-111.666005076185,40.8316896195513],[-111.66586993543,40.8312219622672],[-111.665814089864,40.8309745529471],[-111.665758920729,40.8307947033412],[-111.665692343888,40.8306599612736],[-111.66555416054,40.8304805900084],[-111.665329650889,40.8302907269379],[-111.665279055976,40.8302479582232],[-111.664843990205,40.8300297599977],[-111.664493066035,40.8299236805832],[-111.66433876152,40.8299110569414],[-111.663947319737,40.8299043019462],[-111.66361557819,40.8299377397773],[-111.663325746645,40.8300114743698],[-111.662698510575,40.8301457011744],[-111.662390484552,40.830178999543],[-111.661780353303,40.8302446589095],[-111.661004119964,40.830304060804],[-111.660081065077,40.8305075309041],[-111.659310970825,40.8305885057794],[-111.658647251475,40.8306328348802],[-111.657976845067,40.830600626989],[-111.65753765064,40.8305625933135],[-111.657140631217,40.8305918805234],[-111.657105008524,40.8305875793391],[-111.657039728851,40.8305825461103],[-111.656932871553,40.8305705424867],[-111.656813922931,40.8305351861611],[-111.656694752426,40.8304773097382],[-111.656545667123,40.8303925786565],[-111.656080456587,40.8301213688649],[-111.655525711864,40.8297903104496],[-111.655168030566,40.8295986611456],[-111.655024391749,40.8294643503078],[-111.654868087584,40.8292481349673],[-111.654675516635,40.8289618591845],[-111.654441342908,40.8286659096589],[-111.654356470979,40.8284772146034],[-111.654308415603,40.828414428061],[-111.654147080873,40.8282892245712],[-111.654075352194,40.8282310770145],[-111.653866316922,40.8280791182335],[-111.653710957785,40.8279583853991],[-111.653633433176,40.8279137826167],[-111.653472455077,40.8278246102689],[-111.653168773307,40.8276957078994],[-111.652906599093,40.8275665694103],[-111.652471634833,40.8273528282528],[-111.652417838324,40.8273089911306],[-111.65235264399,40.8271913497183],[-111.652272303163,40.8269801054097],[-111.6522872664,40.8266917513663],[-111.652283868074,40.8263449464091],[-111.652160649759,40.8258727004695],[-111.652115703453,40.8255216257434],[-111.652123497236,40.8249855801412],[-111.652041085792,40.824562649904],[-111.651973660043,40.8243378201604],[-111.651942299857,40.8242839469405],[-111.651883144897,40.8241770806746],[-111.651769205281,40.8240462012306],[-111.651650006029,40.8239838156384],[-111.651406385619,40.823931141254],[-111.651162548715,40.8239775596737],[-111.65092165559,40.8240825160977],[-111.650656036337,40.8242056283936],[-111.649858862371,40.8245434335246],[-111.649592536144,40.824594479378],[-111.649564067634,40.8245937391104],[-111.649254487526,40.8245873737606],[-111.648892548213,40.8245623847943],[-111.648352296011,40.8244933549437],[-111.64793053968,40.8244146484954],[-111.647734529082,40.8243797151035],[-111.647161885428,40.8243208605558],[-111.646820484297,40.8242857510537],[-111.6460720628,40.8241503139479],[-111.645639551838,40.8240626503955],[-111.645548774384,40.823995595449],[-111.645541534861,40.8238605091948],[-111.64558220878,40.8237747017292],[-111.645601110232,40.8237305447857],[-111.645622794665,40.8236798857407],[-111.645697732126,40.8234587598442],[-111.645718608973,40.823165869254],[-111.645722659477,40.8229721648493],[-111.645696628096,40.8227335871359],[-111.645610827309,40.8224457978882],[-111.645584622554,40.8221892037732],[-111.645612476616,40.8220043753159],[-111.64562908377,40.8218826681511],[-111.645679735278,40.8216031232115],[-111.645736010239,40.8212920172909],[-111.645744416673,40.820936137243],[-111.645695283319,40.8207607478207],[-111.64560544101,40.8205450479504],[-111.645377040756,40.8203481400967],[-111.645167920144,40.820182653322],[-111.64447590566,40.8197442068868],[-111.644076775196,40.8195491512044],[-111.64365444574,40.8194073725704],[-111.643446071629,40.8193184505163],[-111.643302652899,40.8192021409804],[-111.643153305288,40.8190858638721],[-111.642687524321,40.8187416344412],[-111.642281641221,40.8184601285476],[-111.642101864079,40.8182620431523],[-111.642005843158,40.8181418641866],[-111.641974854874,40.8180024055435],[-111.64197437697,40.8179528618138],[-111.641995963486,40.8177320349883],[-111.642041654497,40.8175516117139],[-111.642028538195,40.817421062516],[-111.642003825542,40.8173176027621],[-111.641966778121,40.817164665833],[-111.641712452488,40.8166129616897],[-111.641414027659,40.8164065262741],[-111.641150887756,40.8161701657454],[-111.640881501867,40.8159005083713],[-111.640628827337,40.815519052937],[-111.640482562744,40.8151054764337],[-111.640390692938,40.8147996987626],[-111.640405801703,40.8145212539191],[-111.640473682897,40.8141821596928],[-111.64065000512,40.8134064539125],[-111.640673024449,40.8133342584716],[-111.64071884841,40.8131673481965],[-111.640729835704,40.8130772021413],[-111.640729359597,40.8130276588125],[-111.640692481958,40.8128918356585],[-111.640543205314,40.8127809600881],[-111.640477649858,40.8127452896878],[-111.640419295297,40.8127185883766],[-111.640191976614,40.8126297654591],[-111.640114349597,40.8125716415671],[-111.640035319412,40.8124910036762],[-111.640011797924,40.8123875369137],[-111.640005003966,40.8122974904233],[-111.639998254025,40.8122119474361],[-111.639984320257,40.811995822028],[-111.639825649031,40.8115237581208],[-111.63973945568,40.8111909234231],[-111.639499181494,40.8108634467781],[-111.639276693053,40.8105358712894],[-111.639131484879,40.8102303880384],[-111.639070045503,40.8100055171939],[-111.639033182237,40.8098705941854],[-111.63897819007,40.8096997384554],[-111.638971139194,40.8095826675408],[-111.638972614227,40.8095386983272],[-111.638975770907,40.8094475152182],[-111.638993121867,40.809402376446],[-111.639051405461,40.8092984567966],[-111.639151140915,40.8091898026592],[-111.639198174009,40.8091490043626],[-111.639668502247,40.808741017297],[-111.639744869826,40.8086685257689],[-111.640273082806,40.8081160798751],[-111.640520182391,40.8079210267197],[-111.640821539322,40.8078202603524],[-111.641075908074,40.8077647962549],[-111.641489324446,40.8076048508976],[-111.641612675711,40.8074870548669],[-111.641717637564,40.8073063018351],[-111.641822468262,40.8071120370783],[-111.642218595658,40.8063891559419],[-111.642381525796,40.8060729531023],[-111.642410677025,40.8060223431285],[-111.642480424919,40.805878720093],[-111.642503439757,40.8058065246208],[-111.642491020548,40.8057480384521],[-111.642460775171,40.8056851481181],[-111.642377139323,40.8056180501157],[-111.64227580846,40.8055600594741],[-111.642133158688,40.8055203149294],[-111.641604142614,40.8053701141843],[-111.640961857966,40.8051529764586],[-111.640830632069,40.805068125308],[-111.64079389816,40.8049467148164],[-111.640828768963,40.8048744537331],[-111.640916119345,40.8047118162003],[-111.641160517696,40.8042375143476],[-111.641263003791,40.8038000341826],[-111.641313286091,40.8033583399818],[-111.641285096958,40.803016174994],[-111.641216646231,40.8026787375922],[-111.641142139962,40.8023278216279],[-111.641107504517,40.8019316416345],[-111.641157179556,40.8014268910294],[-111.641241794568,40.8009805018855],[-111.641238196815,40.8006066706745],[-111.641150754805,40.8001432204662],[-111.641040732742,40.7997970056915],[-111.641021738764,40.799670991998],[-111.640989765028,40.7994279409183],[-111.641034320568,40.799130413877],[-111.641063224761,40.7989311664009],[-111.641611718107,40.7987704693987],[-111.64201370162,40.7986601319411],[-111.642266227029,40.7986632308558],[-111.642338578241,40.7986673321403],[-111.642472697611,40.7986846022785],[-111.642539112755,40.7986878358387],[-111.64293634957,40.7987000370016],[-111.64337656628,40.7986210109363],[-111.643754837863,40.7985108010769],[-111.644173943266,40.7983327954299],[-111.645078378772,40.7980836129715],[-111.645977509726,40.7978993137529],[-111.646290404618,40.7977714433396],[-111.64649595263,40.7975757089775],[-111.646600483291,40.7973535147617],[-111.646651997181,40.7971649489273],[-111.646796054613,40.7967407430369],[-111.646927011015,40.7965056984092],[-111.646999945233,40.7963747568926],[-111.647192278129,40.7960394639622],[-111.647395989086,40.7956554610796],[-111.647481501514,40.7954040950764],[-111.647493948571,40.7953675407684],[-111.647545878381,40.7952222128654],[-111.647618852125,40.7948029094521],[-111.648003088521,40.7940899832473],[-111.648303594747,40.793300053851],[-111.648664629456,40.7925187910526],[-111.648754475357,40.7922507344126],[-111.64870308274,40.7919636528645],[-111.648602251341,40.7918335967261],[-111.648422361909,40.7916184040274],[-111.648367492811,40.7914610640179],[-111.648294889173,40.7913083272954],[-111.64820288462,40.7911106580043],[-111.64803481522,40.7908917951103],[-111.647857913585,40.7907396440176],[-111.64765243115,40.7904516255346],[-111.647508061104,40.7902317273656],[-111.64737340005,40.7897910678051],[-111.647294708529,40.7896212485856],[-111.647185359304,40.7894678166208],[-111.647023923963,40.7893209829194],[-111.646755811885,40.7891738462349],[-111.646517637062,40.7890580708129],[-111.64634630588,40.7889416497423],[-111.64612987388,40.7887944918132],[-111.645980502913,40.7886692094655],[-111.645825119521,40.7885349517853],[-111.645580237877,40.788338135975],[-111.645113484933,40.7879948202978],[-111.644728007065,40.7878438303755],[-111.644454807827,40.7877822969714],[-111.64425889784,40.7877464560207],[-111.644027660707,40.7876117190117],[-111.643943263087,40.7874635494749],[-111.643809102395,40.7870715283231],[-111.643547357575,40.7866000427854],[-111.643230661912,40.7862063358571],[-111.643111017994,40.7860898921026],[-111.643052766739,40.7859487833557],[-111.643270444702,40.7857845167067],[-111.64341732554,40.7856530745278],[-111.643523144385,40.7855651023258],[-111.643861882011,40.7850506293533],[-111.644149024898,40.7847166130622],[-111.64438955151,40.7844769054097],[-111.644576313953,40.7842908285163],[-111.645389119503,40.783655690697],[-111.645824141256,40.7832956194684],[-111.646005395229,40.7830432680053],[-111.646151436142,40.7828262463405],[-111.64633789675,40.7824999955835],[-111.646398091959,40.7821077886852],[-111.646215486021,40.7816088398618],[-111.646002034632,40.7809839442413],[-111.645740357186,40.780273737481],[-111.645486658577,40.7796526698709],[-111.645388281375,40.7792838713272],[-111.645350385945,40.7790417544023],[-111.645401366236,40.7787991407017],[-111.64555246107,40.7784929073317],[-111.646003932772,40.7779994175351],[-111.646426953931,40.7776280602381],[-111.646515082254,40.7775506342096],[-111.647343634373,40.7768388213871],[-111.647990232731,40.7763063933101],[-111.648546960035,40.775672670291],[-111.64877997224,40.7752623747436],[-111.648802917009,40.775184772488],[-111.648917686668,40.7748012653337],[-111.648925678979,40.7744048462482],[-111.648969097252,40.7739956156828],[-111.649090226085,40.7736571157904],[-111.649140337704,40.7734487371847],[-111.649072351407,40.7732815612974],[-111.64891677937,40.7731247873886],[-111.64868381208,40.7729297116924],[-111.647837314317,40.7723975597837],[-111.647331695763,40.7721904983801],[-111.646899564788,40.7721073405602],[-111.646769140189,40.7720990632778],[-111.646476628969,40.772116917906],[-111.646426896439,40.7721328710751],[-111.646422289878,40.7721343384943],[-111.646189642389,40.7722158172882],[-111.64597990733,40.7722160900905],[-111.64574946251,40.7721579240058],[-111.64545166201,40.7719965356444],[-111.645243277119,40.7717688847919],[-111.645213263507,40.7717285145415],[-111.645099174771,40.7715715036214],[-111.644869639046,40.7712394713773],[-111.64457190592,40.7710843866378],[-111.644343042135,40.7710667467122],[-111.643796161265,40.7711247511566],[-111.642423845429,40.7712314919647],[-111.641837582417,40.7712608788392],[-111.641468039763,40.7712773472119],[-111.64128521284,40.771241428643],[-111.641095286531,40.7712064495697],[-111.640808606276,40.771090931281],[-111.640577399685,40.7709525833735],[-111.639939464679,40.770536325589],[-111.639658162638,40.7702397031808],[-111.639434629456,40.7699987030474],[-111.63936482407,40.7699233281614],[-111.638893613686,40.7695926224921],[-111.638421632548,40.7691808430032],[-111.637853461605,40.7687461709168],[-111.637599831268,40.7684917306362],[-111.63738853853,40.7682037238463],[-111.637183590593,40.7678355073967],[-111.637006579363,40.7672905675549],[-111.636799839287,40.7667340809226],[-111.636769684639,40.7665540769117],[-111.636808753269,40.7663025231924],[-111.636895806309,40.7661128642821],[-111.637028091319,40.7656968408447],[-111.637117205093,40.7651026874196],[-111.637236830147,40.7646020534795],[-111.637369893098,40.764268003085],[-111.637381267566,40.7642183933901],[-111.637432421232,40.7639919970624],[-111.637405992796,40.7638299894438],[-111.63735019484,40.7636942690619],[-111.637176513665,40.7634970401287],[-111.637056801475,40.7633679787772],[-111.636852542546,40.7631943402903],[-111.636026094281,40.7627538769312],[-111.635217177538,40.7624115033774],[-111.634771998534,40.7623184626689],[-111.634326209574,40.7622857807138],[-111.634244335323,40.762272717589],[-111.633579720353,40.7621529516336],[-111.632592911132,40.7617899156522],[-111.632057402035,40.7615406110401],[-111.631384641142,40.761184853545],[-111.630837659661,40.7609743421748],[-111.630368104872,40.7608075479196],[-111.629916899969,40.7607019089826],[-111.629572573924,40.7606227111393],[-111.628464502919,40.7604620922207],[-111.627764435937,40.7604749114287],[-111.627291796333,40.7604828860091],[-111.627190612795,40.7604948771362],[-111.627020789884,40.7605149877681],[-111.626725421123,40.7606021732339],[-111.626459922244,40.7607162216718],[-111.626040962369,40.7608896570631],[-111.625776637588,40.7610027966476],[-111.625703279365,40.7610131036427],[-111.625626358424,40.7610225294931],[-111.625567165735,40.7610273543467],[-111.625525692315,40.7610266786904],[-111.625370454451,40.7610230153125],[-111.625073258517,40.760915622594],[-111.624692603704,40.7607519261535],[-111.62402485541,40.7604204216124],[-111.623745575477,40.7602012221611],[-111.623603175436,40.760049747195],[-111.623489031005,40.7598792021248],[-111.623338170631,40.7597097555161],[-111.62304556958,40.7594590965203],[-111.622513550438,40.7590700959146],[-111.621804654813,40.7585153878588],[-111.62134583579,40.7582250814695],[-111.621184759774,40.7581025319879],[-111.621049527392,40.7579564203157],[-111.621118130832,40.7578173197022],[-111.621389929595,40.7576167676835],[-111.62151826651,40.7575313964782],[-111.621972695466,40.7573257156714],[-111.622062117363,40.7572852359393],[-111.62218007694,40.7572305488973],[-111.62245140858,40.7571074702261],[-111.622651484055,40.756965857616],[-111.622768559689,40.7568165854194],[-111.62278709373,40.7567714421651],[-111.622959734656,40.756356117616],[-111.623034540065,40.7561205911871],[-111.62315059701,40.7552281187475],[-111.623223271614,40.7547646873242],[-111.623280860811,40.7545887093107],[-111.623384739295,40.7542953705304],[-111.623535190936,40.7539152983877],[-111.623548830057,40.7535999256025],[-111.623464151265,40.7534121045349],[-111.623302636871,40.7532418139549],[-111.623003999142,40.7529758730429],[-111.622726860792,40.7524746918248],[-111.622709589782,40.7524392006596],[-111.622594055657,40.7518512956067],[-111.622445736617,40.7510883508043],[-111.622410702321,40.7510534067189],[-111.622159484858,40.7508027014735],[-111.621896440177,40.7505410701086],[-111.621786799,40.7504320265092],[-111.621761570713,40.7504069381673],[-111.621437365134,40.7501155463108],[-111.621156266112,40.7500389552223],[-111.620784080615,40.749937630084],[-111.620505239958,40.7498617458651],[-111.620025107506,40.749730999576],[-111.619819046556,40.7496218416793],[-111.619709765604,40.7495638729107],[-111.619345381975,40.7493708840008],[-111.61903028172,40.7492038442201],[-111.618701019523,40.7490294922754],[-111.618542934898,40.7489456589589],[-111.618498396426,40.7488433807542],[-111.618410042627,40.7486402605056],[-111.61831927146,40.7484318388464],[-111.618228500294,40.7482233267014],[-111.618209135312,40.7481788377466],[-111.618137848604,40.7480149037355],[-111.618047079234,40.7478064814774],[-111.617956309865,40.7475979687327],[-111.6177748915,40.7471810331575],[-111.617644428273,40.7468813855338],[-111.617527454148,40.7465928372905],[-111.617450026557,40.7464177645833],[-111.617500286399,40.7463448865071],[-111.617743401058,40.7459924321833],[-111.617952968132,40.7456886229246],[-111.61816253341,40.7453848129586],[-111.618377707768,40.7450728645593],[-111.618962908972,40.7442244543725],[-111.619147337591,40.7439570821779],[-111.619331764414,40.7436897095891],[-111.619732491184,40.7433735199071],[-111.620693268126,40.742565874187],[-111.620747845271,40.7425377446407],[-111.620926306382,40.7424195827208],[-111.621146427763,40.7423999307912],[-111.621359606065,40.7423978828357],[-111.621489886934,40.7423971811268],[-111.621849985599,40.7424006467928],[-111.621906708819,40.7423868283671],[-111.622017821436,40.74236280759],[-111.622255334201,40.7423029710228],[-111.622507940459,40.7422106229395],[-111.622850868725,40.7421511176936],[-111.623033311169,40.7420285174851],[-111.623133561359,40.7419829333616],[-111.623416631284,40.7418552847177],[-111.623622507181,40.7418325521543],[-111.623842234201,40.7417710074434],[-111.624019391857,40.741716899097],[-111.624196059931,40.7416105437625],[-111.624271661247,40.7414623941456],[-111.624404998184,40.7411553816018],[-111.624486672111,40.7410234148521],[-111.624555669013,40.7408023314533],[-111.624542359574,40.7406456544914],[-111.624582336401,40.7404877887812],[-111.624686136732,40.7401890434675],[-111.624702334255,40.7400213959592],[-111.624669654443,40.7398197808784],[-111.624632228832,40.7396172905663],[-111.624552555453,40.7394564684375],[-111.624367689354,40.7393187366871],[-111.624047545058,40.7392799299002],[-111.623690856398,40.7392593363955],[-111.623413087431,40.7391923720679],[-111.623079841206,40.7390185043597],[-111.622800175895,40.738874975321],[-111.622667625882,40.7387585792997],[-111.622537284826,40.7386250545548],[-111.622238775555,40.7383654158729],[-111.622030516428,40.738258435786],[-111.621859567928,40.738088194204],[-111.621756409892,40.7379482161799],[-111.621666768806,40.7377333941409],[-111.621758953023,40.7374581362664],[-111.621834539067,40.7373081865793],[-111.621914628366,40.7370059678454],[-111.622000806447,40.7367217337144],[-111.621979676274,40.736487624323],[-111.621929579028,40.7361951157532],[-111.621887678908,40.7360196739775],[-111.621915657836,40.7358447572217],[-111.622049665815,40.7356098122733],[-111.622265603741,40.7352708262334],[-111.62235244927,40.7350586570274],[-111.622393612771,40.7349007848652],[-111.622478307732,40.7345850278451],[-111.622612058793,40.7343230576791],[-111.622752318149,40.7341241127105],[-111.622945488274,40.733884343031],[-111.622997349812,40.733730917129],[-111.623143065534,40.7334823942575],[-111.623241782299,40.7332737630899],[-111.623323205596,40.7331156736316],[-111.623346435131,40.733066901783],[-111.623416092295,40.7329169830406],[-111.623431752626,40.7326916842961],[-111.623464714508,40.7324167445561],[-111.623491922682,40.7321598528341],[-111.623480948862,40.7317455174917],[-111.623407493621,40.731488269203],[-111.623310540249,40.7312509658182],[-111.623208037086,40.7310533309108],[-111.623015419424,40.7308435696057],[-111.6228612263,40.730690355206],[-111.622778216578,40.7305511703253],[-111.622776704714,40.7303890240377],[-111.622756624672,40.7302675165132],[-111.622647077818,40.7300762245067],[-111.622297468781,40.7299204596585],[-111.621900443968,40.7298865650408],[-111.621650379044,40.7298653906817],[-111.621377647829,40.7298263203804],[-111.620738158738,40.7298243564495],[-111.620513011283,40.7298084503084],[-111.620198877615,40.7297741043037],[-111.619920143857,40.7297260543127],[-111.619665093283,40.7296778769886],[-111.619236656181,40.729576577332],[-111.618799689576,40.729449197601],[-111.618402994445,40.7294504222568],[-111.618105691612,40.7294430062479],[-111.618027371994,40.7294254083699],[-111.617767369906,40.7293538309566],[-111.617559229356,40.7292558501168],[-111.617416516702,40.7291899499358],[-111.616757865648,40.7290358208895],[-111.616236015434,40.7289485225545],[-111.615648283677,40.7287795948217],[-111.615261541879,40.7285753601775],[-111.615041856181,40.7285089664581],[-111.614698128414,40.7284747634214],[-111.614253212617,40.7283825425034],[-111.613849649865,40.7282801891094],[-111.61364735645,40.7281731614906],[-111.613480669557,40.7280749529012],[-111.613351586143,40.7279450147308],[-111.613420862421,40.7277518623387],[-111.613486946086,40.7276880907679],[-111.613660311055,40.7275208705909],[-111.613826393381,40.7274244963764],[-111.613966829704,40.7272435778649],[-111.614072157171,40.7271078889989],[-111.614147881556,40.7269723571136],[-111.614217809113,40.7268503688542],[-111.614265612063,40.7267690373238],[-111.614387001407,40.7265774091706],[-111.614444101021,40.7263482868368],[-111.614459418195,40.7260824521478],[-111.614440000212,40.7259023836844],[-111.614455988428,40.7257095146956],[-111.614658104875,40.7251544098923],[-111.614798161211,40.7249329537867],[-111.614943549048,40.7246475073298],[-111.615052223638,40.7244901789275],[-111.615284030304,40.7243312931754],[-111.615429906824,40.724227817726],[-111.615688197621,40.7239877128346],[-111.615889381617,40.7238470059632],[-111.616024209758,40.7237012479298],[-111.616123606548,40.7235655886047],[-111.616258150821,40.7233892032919],[-111.616368589702,40.7231670019566],[-111.616391314384,40.7230632816487],[-111.616406810323,40.7229460872894],[-111.616333106249,40.7227861276169],[-111.615953047917,40.7226611354311],[-111.615690133491,40.7225274088575],[-111.615453435498,40.7224115595249],[-111.615257193135,40.7223171141507],[-111.615167437963,40.7222139936793],[-111.615107690115,40.7221548558898],[-111.615001334975,40.7220491208252],[-111.614816378147,40.7217654341774],[-111.614770595508,40.7214224506099],[-111.61468157965,40.7212706796573],[-111.614679955496,40.7210941194175],[-111.614713652201,40.720895751048],[-111.614753691011,40.7207432926162],[-111.614764950495,40.7206801720135],[-111.614781334867,40.7205305419521],[-111.61475555771,40.7203027618349],[-111.614812767817,40.7200862508549],[-111.614911996622,40.7199325759508],[-111.614998101939,40.7197681610988],[-111.614912556272,40.7196073624796],[-111.61487667217,40.7195679157771],[-111.614650069445,40.7193898517992],[-111.614435557145,40.7193675711304],[-111.614188480916,40.7192806018979],[-111.613920897047,40.7192811241072],[-111.613618035439,40.7191791359477],[-111.613352497933,40.7191445127989],[-111.613292074552,40.7191403296694],[-111.613057527126,40.7191280621502],[-111.612848635585,40.7192021411012],[-111.61265352959,40.7192302028976],[-111.612601427303,40.7192295785609],[-111.612497279324,40.7192346352115],[-111.612363483347,40.7192344445744],[-111.612084345348,40.7191368301109],[-111.611924696755,40.7190286725572],[-111.611800245054,40.7188851950343],[-111.611801660799,40.7186518644208],[-111.611588188748,40.7183548110292],[-111.611602258162,40.7180808748755],[-111.61178567438,40.7179402692208],[-111.611881017073,40.7177496825586],[-111.611798178929,40.717624902196],[-111.611535982257,40.7174371102642],[-111.611184918848,40.7172416811948],[-111.610673083053,40.7170732269092],[-111.610353644833,40.7169695154891],[-111.610110438546,40.716786124908],[-111.609990040942,40.7165669511658],[-111.609749238547,40.7162574263724],[-111.60952265289,40.7160784506935],[-111.609265245136,40.7158951332356],[-111.608919615636,40.7156447162621],[-111.608658577791,40.7154524078772],[-111.608365330851,40.715233242681],[-111.608120985501,40.7150534567136],[-111.607948411948,40.7148762658192],[-111.607942914258,40.7148706191854],[-111.607615569067,40.7146768562185],[-111.607252648794,40.71434634761],[-111.607198555841,40.7142565460915],[-111.607149165568,40.7141631166231],[-111.606910458045,40.7138211438362],[-111.606776555168,40.7135470848487],[-111.606616527487,40.7133947798133],[-111.606526479465,40.7132565202035],[-111.606429189224,40.7131029840996],[-111.6062689181,40.7129236533568],[-111.606253890183,40.71289832821],[-111.606216019906,40.7128347460002],[-111.606159357771,40.7127224362105],[-111.605956871218,40.7125874687902],[-111.605689191229,40.7124438350736],[-111.605546192012,40.7123409866544],[-111.605349152843,40.7121537395336],[-111.605116918579,40.7120018105839],[-111.604879025827,40.7118787387766],[-111.604684755266,40.7118662438531],[-111.604458716682,40.7118755350376],[-111.604138251688,40.7117853250374],[-111.603984487061,40.7116699186765],[-111.603894479462,40.7115352603058],[-111.603816464373,40.7114176554795],[-111.603725944735,40.7112262452868],[-111.60348604874,40.7108806675402],[-111.603352880686,40.7106858770076],[-111.603025549868,40.7103587730237],[-111.602940565649,40.7102556176852],[-111.602725125389,40.709995492428],[-111.602528190424,40.7098181498414],[-111.602117460015,40.7095626464979],[-111.60185545199,40.7093892454456],[-111.601568691785,40.7092276842895],[-111.601302640442,40.7091308763796],[-111.60106522739,40.7090591429936],[-111.600844039709,40.7089485877778],[-111.600649041512,40.7088541110458],[-111.600500666777,40.708678313911],[-111.600409017058,40.7084914112689],[-111.60027223059,40.7082876271328],[-111.599942982767,40.7078758431898],[-111.59980372683,40.7076603595484],[-111.599498919471,40.7073331283427],[-111.599325497909,40.7071358391657],[-111.599063996533,40.7068849547869],[-111.598896537089,40.7066921382897],[-111.598626317564,40.7063926515169],[-111.598340882374,40.7062445882837],[-111.598144815181,40.7060293969531],[-111.598060213645,40.7058352493791],[-111.597909509578,40.7056621634512],[-111.597564691256,40.7054918841041],[-111.597295761711,40.7053356245268],[-111.597137192894,40.7052094235058],[-111.597063796043,40.7050764756607],[-111.59684230563,40.7049298790848],[-111.596571937882,40.7048772253464],[-111.596493683841,40.7048632159406],[-111.596284539874,40.7047733090173],[-111.595797721262,40.7044749345382],[-111.59552330301,40.7042331171901],[-111.595282631769,40.7040586902912],[-111.594999589691,40.7039115071739],[-111.594756144453,40.7036911490042],[-111.594497856351,40.7033987979683],[-111.59425749413,40.7031252722205],[-111.594110356375,40.7029521635864],[-111.593972737168,40.7027844100062],[-111.59387498699,40.7025741108205],[-111.593743046933,40.7022459747447],[-111.593665493578,40.7020436792821],[-111.593507259832,40.7015535222387],[-111.593435097267,40.7012917421376],[-111.593348740422,40.7010309355661],[-111.59333647213,40.7009823520076],[-111.593298141017,40.7007978720036],[-111.593165103219,40.7004787488986],[-111.593080956229,40.7001999133368],[-111.592994801505,40.6999616273452],[-111.592916029136,40.6997548327646],[-111.592891078429,40.6996108226724],[-111.592806420299,40.6994076624462],[-111.592788275228,40.699363613498],[-111.592722770976,40.6991846775418],[-111.592779058513,40.6989916037881],[-111.592986615158,40.6989049559592],[-111.59329243402,40.6986871774157],[-111.593487544507,40.6985321264175],[-111.59362217951,40.698364774428],[-111.5936619093,40.6983069149183],[-111.59377298329,40.6981522961908],[-111.593773899571,40.6981487778216],[-111.5938129691,40.6979899347669],[-111.593894340295,40.6978228565659],[-111.593981629591,40.6976557472979],[-111.594050907666,40.6974599032892],[-111.594100783927,40.6970785815276],[-111.594193228655,40.6968258639477],[-111.594303986437,40.696636111786],[-111.594473289224,40.6963748905976],[-111.594684367265,40.6961530915233],[-111.594725471477,40.6961168456388],[-111.595049154237,40.6959133839334],[-111.5954319156,40.6956988062574],[-111.595631803327,40.6955500333948],[-111.595943018369,40.6952763664423],[-111.596100901772,40.695062947299],[-111.596287905861,40.6947971273063],[-111.596428371829,40.6946216342979],[-111.596644292687,40.6944133199511],[-111.596845228748,40.6942501252808],[-111.597074044922,40.6940282305891],[-111.597226526755,40.6938733941937],[-111.597260430971,40.6938263733229],[-111.597543621271,40.6935969891067],[-111.597736919855,40.6933743757106],[-111.597918801751,40.6931986664474],[-111.598106470594,40.6930085129947],[-111.598288301285,40.6928273974223],[-111.598423443836,40.6927194941005],[-111.598529184529,40.6926324634984],[-111.598752476064,40.6924556366027],[-111.59897556458,40.6922562892776],[-111.599122249584,40.6921158940493],[-111.599180940115,40.6920615375865],[-111.599427896868,40.691884587254],[-111.599599594563,40.6917620783441],[-111.599684680292,40.6916156963098],[-111.59964108595,40.6913735904769],[-111.599574743569,40.6912343009114],[-111.59945425793,40.6909961974086],[-111.599339940124,40.6907859883806],[-111.599220986112,40.6905866142637],[-111.599254549866,40.6902378050165],[-111.599438744923,40.6900575762567],[-111.599612057789,40.6899837066888],[-111.599795827045,40.6898881609006],[-111.599977140307,40.6897827185751],[-111.600125979472,40.6897513155963],[-111.600265879501,40.6896469887772],[-111.600324275384,40.6895602021007],[-111.600423000234,40.6893515885699],[-111.600486843501,40.6892125236454],[-111.600609566844,40.6890407207336],[-111.600773256957,40.6888182562741],[-111.600830891069,40.6886467922446],[-111.600899914022,40.6884257208087],[-111.600985430942,40.6881964555953],[-111.601091624385,40.6880292431667],[-111.601156745955,40.6879009808412],[-111.601194017954,40.6877025966868],[-111.601127572268,40.6874200708725],[-111.601107149968,40.6871228911001],[-111.601187153927,40.6868071717315],[-111.601226792089,40.6866087747844],[-111.6013078884,40.6864146666533],[-111.601383107033,40.6862250932832],[-111.601441053759,40.6860887602015],[-111.60150596153,40.6859370769654],[-111.601586261933,40.6857862142168],[-111.601655449278,40.6855840595055],[-111.601689654429,40.6854397428993],[-111.601734144392,40.685254833619],[-111.601779785995,40.68493478797],[-111.601831124713,40.6847219160848],[-111.601834942553,40.6844885720335],[-111.601807863737,40.6842409750009],[-111.601735980548,40.6840116286328],[-111.601721254466,40.6839531497025],[-111.60166744538,40.6837597436573],[-111.6015629246,40.6834539935743],[-111.601438410017,40.6831618609562],[-111.601441926922,40.6830791429158],[-111.601448186382,40.6829329904524],[-111.601552944318,40.6827387578518],[-111.601765180287,40.6825214441955],[-111.601857487572,40.6823903373794],[-111.602042951051,40.6820911841456],[-111.602123431117,40.6818295128651],[-111.602121323669,40.681595298973],[-111.602048380468,40.6813794714474],[-111.601997313041,40.6810959644151],[-111.601918737403,40.6809116963916],[-111.60182298957,40.6806599529805],[-111.601785790334,40.6804709647797],[-111.601700895048,40.6802416865075],[-111.601645663031,40.6800212623072],[-111.601631360055,40.6797465737389],[-111.601635989972,40.6794717838945],[-111.601659339882,40.6793050019295],[-111.601833295941,40.6790428435122],[-111.601950446136,40.6789116072273],[-111.602049725246,40.6787669512121],[-111.602147594001,40.6785970779586],[-111.6024187343,40.6783524293561],[-111.602611884663,40.67825142494],[-111.602870864468,40.677970804084],[-111.602958089085,40.6778018866682],[-111.602997887147,40.677622406378],[-111.603030780758,40.6774645826276],[-111.603038378709,40.6772573435205],[-111.602985181376,40.6771315001192],[-111.602863525232,40.6768934055008],[-111.602716448562,40.6767230090179],[-111.602613888804,40.6765028320705],[-111.602504392256,40.6763007084749],[-111.602401752548,40.6762030494755],[-111.602337519412,40.6761655480274],[-111.602058835061,40.6759652070247],[-111.6019995211,40.6758168731397],[-111.602042878287,40.6756382759111],[-111.602280366797,40.6754685752283],[-111.602320440642,40.6753197224535],[-111.602348277636,40.6751258907548],[-111.602456544391,40.6746658836324],[-111.602524202803,40.6744268011731],[-111.60250957284,40.6741160776534],[-111.602454060549,40.6738641246253],[-111.602435129453,40.6737326969167],[-111.60240381508,40.6735400747059],[-111.602436375416,40.6733453173753],[-111.602452306139,40.6731434397013],[-111.602403358736,40.6729635217262],[-111.602338252437,40.672828731284],[-111.602296363996,40.6726442721215],[-111.602306728757,40.6724811610877],[-111.602357367688,40.67232324477],[-111.602402147807,40.6720401386803],[-111.602411749001,40.6717923496034],[-111.6023673327,40.6715898860496],[-111.602180707699,40.6713620393807],[-111.601997649011,40.6712675018484],[-111.601909288025,40.6711778759496],[-111.601845263298,40.6710313683057],[-111.601995405019,40.6708864465023],[-111.602283523477,40.6706912576252],[-111.602647934055,40.6704281039566],[-111.602892016199,40.6703358421613],[-111.603119467833,40.6701049346749],[-111.603329455318,40.6699056451825],[-111.603495304083,40.6697975746103],[-111.603676484394,40.6696840189673],[-111.603876512258,40.6695613561438],[-111.604158001149,40.6694193480316],[-111.60446520701,40.6692429719272],[-111.604590812148,40.6691333093074],[-111.60475920584,40.6689144168727],[-111.604786264893,40.6687665326723],[-111.604760118528,40.6686225312395],[-111.604658458882,40.6685014465502],[-111.604615502344,40.6684611321796],[-111.604498585711,40.6683536397911],[-111.604455796259,40.6682007163073],[-111.604431598341,40.6681413861039],[-111.604401134673,40.6680433506202],[-111.604376741819,40.667962400375],[-111.604327630923,40.6677644665444],[-111.604309441835,40.6675843875599],[-111.604343184354,40.6673905245161],[-111.604417805608,40.6671378905875],[-111.604474753407,40.6668934568164],[-111.604534574917,40.6665742367488],[-111.604353179908,40.6662697917439],[-111.604158099066,40.6661527986157],[-111.60405081417,40.6660632735022],[-111.603876841042,40.6659254491828],[-111.603604589527,40.6657782295266],[-111.603330346447,40.6656724594674],[-111.602927432279,40.665597990502],[-111.60251240433,40.6654920525334],[-111.602067713111,40.6653763581475],[-111.601783751159,40.6652418072117],[-111.60153357125,40.665048523363],[-111.601402073164,40.6648969612378],[-111.601309643708,40.6648275351527],[-111.601271052981,40.664798548257],[-111.601204367445,40.6647502483201],[-111.600943835351,40.6645894483839],[-111.600479921982,40.664308087936],[-111.600272820783,40.6641686293756],[-111.600187815005,40.6639240348111],[-111.600127026908,40.6637414746487],[-111.600076296349,40.6634930980175],[-111.599942733934,40.6632424499724],[-111.599716812131,40.6629823714685],[-111.599549542232,40.6627985617229],[-111.599374160546,40.6625012844483],[-111.59917730104,40.6621833987228],[-111.599098837691,40.6620081360211],[-111.598864207621,40.6616994541341],[-111.59867494337,40.6615689087599],[-111.598557050269,40.6614821352703],[-111.598453474516,40.6614088009908],[-111.598276041078,40.6612781937181],[-111.598199616905,40.6611984121088],[-111.598126773417,40.6611222154651],[-111.598082634696,40.6610810046271],[-111.597649538931,40.6606697473349],[-111.597512216168,40.6605263192341],[-111.597243968445,40.6602934806274],[-111.597016924647,40.6600379072894],[-111.596695901798,40.6597233612213],[-111.59663956665,40.6596407721975],[-111.596552034809,40.6595087965038],[-111.596425201674,40.6593472949761],[-111.59620435176,40.6591223176823],[-111.596097661548,40.6589643152132],[-111.595971180553,40.6587091211295],[-111.595941007041,40.6586417111956],[-111.595915144544,40.658394105397],[-111.595908312856,40.6581581129951],[-111.595910287353,40.6578482036746],[-111.595879432918,40.6577042236449],[-111.595842840045,40.6575800920116],[-111.59583187431,40.6575441140959],[-111.595806303766,40.6574622665484],[-111.595709711517,40.6572420518989],[-111.595619233201,40.6570443268166],[-111.595548298633,40.6569158685769],[-111.595529036957,40.656878131392],[-111.595494196697,40.6568179528897],[-111.595480952835,40.6567918956257],[-111.595456743238,40.6567298606782],[-111.595359752136,40.6564646040467],[-111.595248629637,40.6560732982961],[-111.595164669498,40.6559431044662],[-111.594995719749,40.6556998393244],[-111.594794969639,40.6554720528591],[-111.594704489527,40.6552734263575],[-111.594524073682,40.6549374299737],[-111.594391684467,40.6546813631503],[-111.594325133678,40.6545132427113],[-111.594258008865,40.6542802631711],[-111.594177936633,40.6540545566079],[-111.594064172189,40.6537641604809],[-111.59400190816,40.6534122402861],[-111.59398782617,40.6532915961882],[-111.593955749128,40.6528755583641],[-111.593937440564,40.6526783621551],[-111.593922904026,40.6525063703551],[-111.59389293533,40.652328152328],[-111.593932016536,40.6520666981915],[-111.593947249268,40.651917075524],[-111.593883485053,40.6516624569625],[-111.593503186871,40.6514599145789],[-111.593229450441,40.6512694355501],[-111.592922078392,40.6511539011937],[-111.592554067366,40.6510026421361],[-111.592310590686,40.6508894804593],[-111.592215428555,40.6508287090627],[-111.592060674882,40.6507168938283],[-111.591793680309,40.6506191666925],[-111.5916025808,40.6505435720411],[-111.591384150947,40.650453702923],[-111.591371164901,40.6504427783577],[-111.59115059077,40.65025760776],[-111.590812983225,40.6500656483718],[-111.590475028032,40.6499682808248],[-111.590078253849,40.6499072482349],[-111.58972152746,40.6498270911204],[-111.589355356183,40.6497487829742],[-111.589203752005,40.6497252331252],[-111.589138604384,40.6497145749297],[-111.589059244516,40.6497016471455],[-111.588792763779,40.6496615660913],[-111.588650685335,40.6496451739364],[-111.588527530801,40.6496286849963],[-111.588402311041,40.64964643959],[-111.588158960125,40.6496810116213],[-111.587971086467,40.6497026885655],[-111.587721434768,40.6496931488026],[-111.587645351955,40.6496493934633],[-111.587549037285,40.6495913267256],[-111.587062409116,40.6492640829749],[-111.587033920843,40.6492525161832],[-111.586878423366,40.649189344876],[-111.586729508743,40.6490675828748],[-111.586561167153,40.6488882637945],[-111.586520559709,40.6488434262815],[-111.586285600855,40.6486203021934],[-111.586114461912,40.6483914487551],[-111.58593582563,40.6482518192417],[-111.585828326036,40.6481316483676],[-111.585691401227,40.6480278432519],[-111.585530247957,40.6478583940136],[-111.585375393673,40.6477330567535],[-111.585125869535,40.6476018938017],[-111.584995119746,40.647527783621],[-111.584916589922,40.6474741289521],[-111.584738171032,40.6473588204439],[-111.584626643393,40.6473188456725],[-111.584452229192,40.6472557665933],[-111.584312247416,40.6472078281435],[-111.583909582082,40.6471468039343],[-111.583748453066,40.6471151866203],[-111.583563607628,40.6470764828579],[-111.583375246184,40.6470413996519],[-111.582937532181,40.6468940653888],[-111.58281016904,40.6468010172039],[-111.582747071374,40.6467535896184],[-111.582467080873,40.6465180726877],[-111.582312470931,40.6464197566423],[-111.582110522469,40.6463180754315],[-111.581911136002,40.6462389029972],[-111.581481201408,40.6460329668481],[-111.581191016825,40.6459848796138],[-111.580912299237,40.645895294035],[-111.580796986996,40.6458274076683],[-111.580674524165,40.6457532512133],[-111.580400617055,40.6456726487963],[-111.580152433203,40.6455576834283],[-111.580087152631,40.6455309851521],[-111.579755016725,40.6454182429239],[-111.579499770318,40.6453069148305],[-111.579369808351,40.6451859493565],[-111.579213470949,40.6450236756608],[-111.579076195797,40.6448775215761],[-111.578890254415,40.6447108916517],[-111.578831868413,40.6446607354626],[-111.578711370197,40.6445397217863],[-111.578673190899,40.6445011753457],[-111.578652844956,40.6444733499439],[-111.578501140166,40.6442993412336],[-111.578464151136,40.6442616896123],[-111.578365292437,40.6441811065241],[-111.578253354268,40.6440924802827],[-111.578157795081,40.6439830523684],[-111.578062259251,40.6438763268866],[-111.57792005684,40.6437067737257],[-111.577786056047,40.6435281702568],[-111.577661664533,40.6433666354989],[-111.577579045578,40.6432490344103],[-111.577507063575,40.6431304795214],[-111.577482688688,40.6430468202543],[-111.577385284361,40.6427229927729],[-111.577360421689,40.6425825811576],[-111.577366332604,40.6423077854049],[-111.577400335634,40.6421364491924],[-111.57746755477,40.6418397260406],[-111.577489498816,40.6416414243184],[-111.577503843114,40.6413846036983],[-111.577515065767,40.6411773465398],[-111.577520512253,40.6411232668721],[-111.577530661419,40.6409286275571],[-111.577545362348,40.640713245767],[-111.577543413004,40.6404871361291],[-111.577530642554,40.6402403606976],[-111.577552914485,40.639942961093],[-111.577586400984,40.6398491029506],[-111.577702631303,40.6396133932857],[-111.577789731055,40.6394282785298],[-111.577815298006,40.6392389669341],[-111.577814405081,40.6391353708918],[-111.577813978381,40.6390858253758],[-111.577757345891,40.6386897244127],[-111.57757853803,40.638387925198],[-111.577458545566,40.6381867297352],[-111.577331054864,40.6379387255964],[-111.577169938425,40.6377683652415],[-111.577050762529,40.6376617566156],[-111.576961336141,40.6375766207892],[-111.576752797638,40.6373920825429],[-111.576608472508,40.6372486630276],[-111.576414365439,40.6370919796328],[-111.576341388102,40.6369941480162],[-111.576317427339,40.6369582326232],[-111.576178699611,40.6367778496111],[-111.576234080748,40.6366172174373],[-111.576335004674,40.6364169001126],[-111.576338725496,40.636409494196],[-111.576369028365,40.636357993604],[-111.576505968445,40.6360555171484],[-111.576492756024,40.6358943262889],[-111.576481444438,40.6356790741398],[-111.576562149083,40.6354381381296],[-111.576591759352,40.6351686289099],[-111.576575701966,40.6349515978894],[-111.576619385242,40.6346685056572],[-111.576670495788,40.6344241131205],[-111.576684461896,40.6341231515403],[-111.576717687883,40.6338617324309],[-111.576721285636,40.6337301863619],[-111.57661189958,40.633523531942],[-111.57648784763,40.633398929249],[-111.576308086656,40.6331214567264],[-111.57606277382,40.6327839512614],[-111.575806846491,40.6325870358699],[-111.57556302396,40.6324224900039],[-111.575276967136,40.6322968919677],[-111.57491367496,40.6321275350498],[-111.57457754155,40.6319535371059],[-111.574286234073,40.6317667035759],[-111.573846500657,40.6315076354363],[-111.573560250695,40.6313586116083],[-111.573180571452,40.6310695143054],[-111.572901196297,40.6308943287235],[-111.572632440127,40.6307163877242],[-111.572366536108,40.6305951871931],[-111.572158546475,40.6304709955872],[-111.571956846846,40.63039091603],[-111.571719598186,40.6303020035499],[-111.571522436846,40.6301993787784],[-111.571221225443,40.6300972685763],[-111.570864173864,40.629963902975],[-111.57066369774,40.6298883190168],[-111.570491507768,40.6298017852129],[-111.570329759813,40.6296917761908],[-111.570164338647,40.6295807041189],[-111.570063373399,40.6295129163783],[-111.569785707738,40.6293980738487],[-111.56931782112,40.6294400201074],[-111.568981740711,40.6294083439554],[-111.56887887912,40.6292701159848],[-111.568659326373,40.6290360686187],[-111.568479380346,40.6287315579926],[-111.568418466485,40.6285201518189],[-111.568363885747,40.6283582630374],[-111.568309151397,40.6281783572155],[-111.568248880729,40.6280426213276],[-111.568223714427,40.6278634714319],[-111.568179499348,40.6275294635326],[-111.568086717753,40.6273245209772],[-111.567987506914,40.6271979854396],[-111.567909395705,40.6270497251425],[-111.567891194939,40.6269948608814],[-111.56785466405,40.6268698185227],[-111.567842412826,40.6266797942968],[-111.567902871241,40.6264191437469],[-111.567843831266,40.6262888075226],[-111.567753440087,40.626086554947],[-111.567704812484,40.6259291403767],[-111.567677763313,40.6256671185184],[-111.567611676054,40.6254025859051],[-111.567580440733,40.6252045469453],[-111.567495269664,40.6249202884014],[-111.567458092886,40.6247186746309],[-111.567462022117,40.6244844279055],[-111.567502183099,40.6242004547058],[-111.567541687412,40.6239786446119],[-111.567620413068,40.6236413302114],[-111.567588178821,40.6234649169482],[-111.567431791113,40.6232873120666],[-111.56696276633,40.6230499825416],[-111.566685208467,40.6229441406571],[-111.566108534072,40.6226992272444],[-111.565830857631,40.6225789701406],[-111.565372947703,40.6223965327741],[-111.564750857183,40.6222329143258],[-111.564218273,40.6220274148182],[-111.563637007316,40.6217969265164],[-111.563141151652,40.6216843030745],[-111.562938118923,40.6216381770127],[-111.562119109607,40.6213944254511],[-111.561118205819,40.6210299330856],[-111.560611960241,40.6208612253551],[-111.560122267918,40.6206924346942],[-111.559796364523,40.6205994222644],[-111.559529754428,40.6205277436042],[-111.559470424297,40.6205019053658],[-111.559120465815,40.6203594600843],[-111.558580414836,40.6201053232232],[-111.558098558518,40.6198824337796],[-111.55776156542,40.6197345159036],[-111.557596144254,40.619603786836],[-111.557517016152,40.6193294010856],[-111.557523763398,40.6191455897407],[-111.557550862875,40.6189923100439],[-111.557631961881,40.6187928242351],[-111.557701469924,40.618621321986],[-111.557857452492,40.6180440073062],[-111.558058213382,40.6174493595285],[-111.558129208137,40.6172721736973],[-111.558226030355,40.6170305412058],[-111.55837091244,40.6166685889542],[-111.558573221127,40.6161189766617],[-111.558781816224,40.6157567153422],[-111.558945645576,40.6154135891196],[-111.559036988071,40.6150257700217],[-111.559070048768,40.614737328939],[-111.559036440098,40.6142083158866],[-111.559021072619,40.6139673153669],[-111.558947631751,40.6136658769882],[-111.558867668216,40.6134329362645],[-111.558740789267,40.6132443658742],[-111.558545837782,40.6131146817816],[-111.558325254668,40.6130301645403],[-111.557763592918,40.6128707204529],[-111.557424233658,40.6127183087834],[-111.55723618393,40.61256516573],[-111.55717526917,40.6124897857577],[-111.557115528509,40.6124134994042],[-111.557002878874,40.61222936284],[-111.556913545012,40.6121053825822],[-111.556850997116,40.6120183886134],[-111.556666436444,40.6118580214872],[-111.556458833985,40.6117698344747],[-111.556271175922,40.6117347033912],[-111.556224409628,40.6117259199355],[-111.55594680146,40.6117488776222],[-111.555715540071,40.6118013403224],[-111.555551373851,40.6118192468212],[-111.555473431526,40.6118286310575],[-111.555308921251,40.611805097837],[-111.555252100114,40.6117954619597],[-111.554999505535,40.6116984798123],[-111.554833054001,40.6115830665499],[-111.554624160663,40.6114813697888],[-111.554346953143,40.6114097290819],[-111.554169270871,40.6113655381166],[-111.553985261765,40.6112709278494],[-111.553848505839,40.6111724869294],[-111.553623452708,40.6109744732943],[-111.553504874192,40.6107723421096],[-111.553484371044,40.6107373066573],[-111.553286122742,40.6102058368824],[-111.553218665552,40.6099097710953],[-111.553199962628,40.6096486056904],[-111.553246977755,40.6094727092329],[-111.55327951743,40.6094049876946],[-111.553274098792,40.6093212316132],[-111.553381172584,40.6092612611989],[-111.553463097141,40.609161771856],[-111.553570944383,40.6090522485021],[-111.553649590089,40.6089852064652],[-111.553817548996,40.6088546745957],[-111.553925618121,40.6087721767514],[-111.554224756213,40.6084950724786],[-111.554446019352,40.6080922184777],[-111.55449242093,40.6079856920526],[-111.554591134101,40.6077726107316],[-111.554747911678,40.6074340285212],[-111.554806005727,40.607312130349],[-111.554864099777,40.6071902326364],[-111.554939493582,40.6070305952499],[-111.554968652896,40.6069690153202],[-111.5551662068,40.6065590668423],[-111.555393263175,40.606143570489],[-111.555650306212,40.6057810818565],[-111.555801238451,40.6054515350477],[-111.55596942014,40.6050642480712],[-111.55604432616,40.6049747003409],[-111.556191025538,40.6048478708028],[-111.556343745424,40.6047345258598],[-111.556591791834,40.6045711724277],[-111.556965706587,40.604335141137],[-111.557307048429,40.6041623277588],[-111.557444811366,40.6040986015874],[-111.557586007664,40.6040213446828],[-111.557798733215,40.6038752761277],[-111.558179698846,40.6034932643813],[-111.558446702403,40.6030523445758],[-111.55885579698,40.6025008299298],[-111.559123079913,40.6019527018614],[-111.559271986451,40.6015249640955],[-111.559304995944,40.6012311174447],[-111.559273083294,40.6009474948768],[-111.559217440747,40.6007946147229],[-111.559091586775,40.6005844180932],[-111.558972498915,40.6004768886681],[-111.558918909018,40.6004285005749],[-111.558794062058,40.6003390168863],[-111.558656357512,40.6002667115011],[-111.558598190699,40.6002363631322],[-111.558538865059,40.6002087225393],[-111.558497244315,40.6001782936606],[-111.558438568158,40.6000866877355],[-111.558416170463,40.5999516641367],[-111.558490025454,40.5997368977311],[-111.558589058426,40.5995652517625],[-111.558676460909,40.5994161839526],[-111.559024661388,40.5986514531944],[-111.559273190193,40.597840359068],[-111.559430735829,40.5970324070633],[-111.55966145194,40.5962123891131],[-111.56006736738,40.5954275560304],[-111.560445919237,40.5947635729542],[-111.560724758098,40.5941892594981],[-111.560886594088,40.5937560504984],[-111.560932197962,40.5935567349166],[-111.56096046974,40.5934043487781],[-111.560994175428,40.5931951800807],[-111.56099292138,40.5931723940578],[-111.560984472725,40.5930240602967],[-111.560937150374,40.5928765454539],[-111.560840571599,40.5926328758746],[-111.560629524101,40.5921258030007],[-111.560501206949,40.5917606680127],[-111.560322784466,40.5914804590013],[-111.560149270377,40.5912218465152],[-111.560052899114,40.5910024986689],[-111.560023606849,40.5908909318288],[-111.560034717212,40.5908061947963],[-111.560128781602,40.5906075450784],[-111.560351086787,40.5903407064173],[-111.560507018151,40.5901922053835],[-111.561014453099,40.5898239839379],[-111.561378365112,40.5895339339874],[-111.561607324118,40.5893571489328],[-111.561700802807,40.5892305715016],[-111.561839529636,40.5890037752528],[-111.56192533761,40.5888078666341],[-111.562158039897,40.5882319718824],[-111.56229232815,40.5878988928245],[-111.562541730117,40.58748327298],[-111.562781969269,40.5871028314402],[-111.562926611504,40.5868778071503],[-111.563171656642,40.5865072506947],[-111.563276342712,40.5863085465921],[-111.563584517855,40.585716965397],[-111.563683404402,40.5855318022327],[-111.563776526459,40.5853637832865],[-111.563834396828,40.5852193597204],[-111.563916935833,40.5850576989385],[-111.563985969566,40.5849762823755],[-111.564025697559,40.5849229369775],[-111.56425230837,40.5847506621742],[-111.56441377066,40.5847003251914],[-111.56484398463,40.5847117353383],[-111.565263178067,40.584677253152],[-111.56539426742,40.5846685036628],[-111.566071970843,40.5846021228029],[-111.566538890874,40.5846223554607],[-111.56673476942,40.5845898639528],[-111.56688814867,40.5845620852223],[-111.567129761345,40.5845162152938],[-111.567478023808,40.5844501815345],[-111.567779032191,40.5844135679455],[-111.5679029467,40.5843949411803],[-111.568161943573,40.584281057395],[-111.568398177136,40.5841303488636],[-111.568609298296,40.5839446293837],[-111.568843668754,40.583713750476],[-111.569072243281,40.583496412423],[-111.56940635638,40.583183961767],[-111.56982713714,40.582780994113],[-111.570109527041,40.5826399639002],[-111.57038067273,40.5825665546082],[-111.570787322093,40.582448332731],[-111.571612263883,40.5821920063198],[-111.571812735515,40.5821450690959],[-111.572106757701,40.5821219920815],[-111.572242750957,40.5821348319764],[-111.57237287462,40.5821522047185],[-111.572502998284,40.5821695774562],[-111.572692461063,40.5822172862837],[-111.572953248278,40.5823150896489],[-111.573071941778,40.5823775628338],[-111.573350759978,40.5825113113338],[-111.574085481269,40.5827599094615],[-111.574670367164,40.5828966379014],[-111.575121236096,40.582975473358],[-111.575446938269,40.5830639398733],[-111.575731518263,40.583179636387],[-111.57581449834,40.5832107538739],[-111.575878496118,40.5832329565682],[-111.575986288562,40.5832639505456],[-111.576180530378,40.5833170346062],[-111.57643019645,40.5833572291638],[-111.576465674513,40.5833606560292],[-111.576507109306,40.5833694582215],[-111.576874311848,40.5833369947588],[-111.577251659065,40.5833846584084],[-111.577511874951,40.5834148882132],[-111.577848816845,40.5834357256895],[-111.577992658681,40.5833989703226],[-111.578086834462,40.5833579598373],[-111.57822804154,40.58328968652],[-111.578519091201,40.5830585044846],[-111.578621064358,40.5829624999058],[-111.578727693484,40.5828583642546],[-111.57887729442,40.5826675285228],[-111.579029662167,40.5825235248546],[-111.579175327584,40.58242459882],[-111.579287031293,40.5823609767786],[-111.579464590495,40.5822609889289],[-111.579747267857,40.5821559693579],[-111.58049540908,40.5819044694248],[-111.581573907546,40.5815972489871],[-111.582675979601,40.5812844947252],[-111.583136073333,40.5812010936601],[-111.583471557261,40.5811912909938],[-111.583666509644,40.5811903064971],[-111.584103754727,40.5811971051868],[-111.584529418729,40.581230987417],[-111.585002344895,40.5812646287937],[-111.585824758826,40.5814037011062],[-111.586125083592,40.5814268616033],[-111.58649280536,40.5814552652162],[-111.58671745425,40.5814721421362],[-111.587396181753,40.5813939189372],[-111.587824377208,40.5813115625419],[-111.588269827503,40.5811759640909],[-111.588716399793,40.5808989200797],[-111.588999167885,40.5808064894948],[-111.589223032545,40.5807341779962],[-111.589759239634,40.5805737876641],[-111.590254131405,40.5803778407065],[-111.590462190208,40.5802954277968],[-111.590707818353,40.5801455262772],[-111.590920033661,40.5799579583816],[-111.591087131083,40.5797462969064],[-111.591363245354,40.5795701123068],[-111.591557241031,40.5794610132854],[-111.591946750538,40.5791473122684],[-111.592401535227,40.5785990466406],[-111.592914547814,40.5778216553195],[-111.593278332267,40.5774062826166],[-111.593555909893,40.5771300874654],[-111.593717403625,40.5770878170247],[-111.593761315073,40.5770829965839],[-111.593881474623,40.5770698568725],[-111.594049296986,40.5770753002531],[-111.594258964672,40.5771363823493],[-111.594556060893,40.5771970147557],[-111.595821683822,40.5774886861221],[-111.5971181001,40.577787391326],[-111.597887264596,40.5779194460073],[-111.598349147773,40.5779089462417],[-111.59851534149,40.5778639423538],[-111.598530660461,40.5778593587239],[-111.598633295677,40.5778417099035],[-111.598868488093,40.5777170702221],[-111.599468518685,40.5774319812715],[-111.5998364821,40.5772246703198],[-111.600106856136,40.5770710167806],[-111.600404080816,40.5768811879896],[-111.600690711664,40.576695917807],[-111.60098530428,40.5764763722119],[-111.601277531631,40.5762568374954],[-111.60174054399,40.5758463267807],[-111.602114110198,40.5754750187072],[-111.602343788754,40.5751323864336],[-111.602346102815,40.575126968823],[-111.602555162341,40.5747249863527],[-111.602688998742,40.5742351081472],[-111.602708770661,40.5738052838991],[-111.602664310343,40.5734586759748],[-111.602593232044,40.5727788798335],[-111.602403965997,40.5723573531235],[-111.60204588405,40.5718177891643],[-111.601946803467,40.5714399340434],[-111.601932460067,40.5712895616432],[-111.601904024795,40.571016742127],[-111.601854430605,40.5707557441264],[-111.601804109678,40.5704136704274],[-111.60182523446,40.5701342863563],[-111.601980315119,40.5696424973282],[-111.602081162688,40.5692951315547],[-111.602279713722,40.5687769888558],[-111.602637204577,40.5680670298913],[-111.602903809282,40.5674980821522],[-111.603149696142,40.5672535599203],[-111.603463293516,40.5669194961019],[-111.603467970145,40.5669140662255],[-111.603908363824,40.566492854011],[-111.603913048538,40.566488324877],[-111.60393647121,40.5664656805673],[-111.60430545062,40.5661169102811],[-111.604536747043,40.5658537230962],[-111.60458141577,40.5658028594015],[-111.604989504234,40.5653376685679],[-111.605173190845,40.5651403141936],[-111.605429415517,40.564865102964],[-111.605432902777,40.5648587782639],[-111.605591374576,40.5646165106782],[-111.605677324484,40.5644539006688],[-111.605726554857,40.5644113014789],[-111.605735971896,40.5644076484417],[-111.605773640951,40.5643930362908],[-111.605784232088,40.5643884763055],[-111.605937791899,40.5643876710401],[-111.60602112771,40.5644593048126],[-111.606134255249,40.5645596106637],[-111.606318468272,40.5646829659633],[-111.606573124486,40.5647582039858],[-111.607273710694,40.5648977644215],[-111.608063576866,40.5649818962116],[-111.608720292051,40.5651027598964],[-111.609146600145,40.5652176276231],[-111.609876098631,40.5655480066987],[-111.610448893203,40.5657927248731],[-111.610457194534,40.565796284344],[-111.610467858435,40.5657998315313],[-111.610648227568,40.5658629308982],[-111.610721466314,40.5658885793937],[-111.610978175178,40.5659286629532],[-111.611114019314,40.5659279443728],[-111.6112059529,40.5659049354651],[-111.611275482503,40.5658865498975],[-111.611312372718,40.5658641933626],[-111.611356546474,40.5658374734687],[-111.611461104085,40.5657738581728],[-111.611625167897,40.5656288484283],[-111.612070588547,40.5653769444743],[-111.612078832387,40.5653741977411],[-111.612289774782,40.5653181261447],[-111.6126378477,40.565273038722],[-111.613122815782,40.5653425362594],[-111.61373229216,40.5654636224434],[-111.614234519574,40.5654825738509],[-111.614252246928,40.5654833804679],[-111.614337239232,40.5654766224913],[-111.614677207549,40.565449589213],[-111.615066770956,40.565420489563],[-111.61582728737,40.5652650892199],[-111.616547432597,40.5652162040954],[-111.617354162842,40.565205589737],[-111.618099485151,40.5651970997503],[-111.618449148986,40.5651970301435],[-111.618494011749,40.5651940875484],[-111.618531802975,40.5651929840752],[-111.619007818448,40.5651877321704],[-111.619563001548,40.5651847561363],[-111.619890038617,40.5651649836928],[-111.620264741193,40.5651899991699],[-111.620378323279,40.5652092086097],[-111.620519116234,40.5652327766582],[-111.620860045749,40.5653102223701],[-111.621759483029,40.5654882645268],[-111.622211060732,40.56552276957],[-111.622728446318,40.5655199818978],[-111.623023665958,40.5655084804457],[-111.623381322104,40.5656056483414],[-111.623840733117,40.565720283184],[-111.624078465968,40.5657642231672],[-111.624361403842,40.5658165677289],[-111.624600132027,40.5658658168236],[-111.624825366618,40.5659122557066],[-111.62515424164,40.5659627276135],[-111.625354208419,40.5659976807567],[-111.625436921697,40.5659999354454],[-111.625485377722,40.56600237575],[-111.625522013714,40.5660039787352],[-111.625638815362,40.5659880314527],[-111.625674193713,40.565981533526],[-111.625697802337,40.5659796043472],[-111.625726127116,40.5659767477705],[-111.625809904,40.5659663846604],[-111.625878509236,40.5659759227343],[-111.625957770289,40.5659881058356],[-111.626160862306,40.5659779959021],[-111.626295735363,40.5659997873621],[-111.626430834795,40.5660459006419],[-111.626520954683,40.5660823482217],[-111.626608720086,40.566119708847],[-111.626627645793,40.5661223088313],[-111.626665487324,40.5661266080177],[-111.626738826682,40.5661370209189],[-111.626809567214,40.5661222228475],[-111.626833166855,40.5661193922085],[-111.626844973413,40.5661184272799],[-111.627092975805,40.5661107754093],[-111.627270728145,40.5661701696789],[-111.627424972473,40.5662423031145],[-111.627561019627,40.5662631855194],[-111.627723053247,40.5662839266592],[-111.627889956633,40.5663199557929],[-111.628091359818,40.5663819225547],[-111.628263231787,40.5664440503072],[-111.628841077585,40.5667156751503],[-111.629147068025,40.5668446378779],[-111.629386274114,40.5669063967035],[-111.629664041285,40.5669229006076],[-111.630124990213,40.566947413862],[-111.630426213294,40.5669457699552],[-111.630436844856,40.566945711951],[-111.630567932412,40.5669413930276],[-111.630632885098,40.5669392366366],[-111.63070372714,40.5669352466306],[-111.631010916831,40.566939875365],[-111.631452224096,40.567011336488],[-111.63220985602,40.5671792616377],[-111.632975668003,40.5673372267655],[-111.633499719987,40.5674136321159],[-111.633697563149,40.5674729058098],[-111.633834174445,40.5675532361469],[-111.633948724915,40.5676742268906],[-111.634060998156,40.5678042386569],[-111.634298700465,40.5679560839844],[-111.634664017444,40.5681108311733],[-111.635132923649,40.5682262696736],[-111.635291302023,40.5682344078457],[-111.635455586821,40.568242513262],[-111.635581968103,40.5682400157185],[-111.635834695634,40.5682314182993],[-111.635930261109,40.5682182795791],[-111.636403352565,40.568151711798],[-111.636846036947,40.5681177417393],[-111.637494650226,40.5681231728829],[-111.637688124881,40.5680950781917],[-111.637728134945,40.568078641451],[-111.637802247753,40.5680458007122],[-111.637909052948,40.5679847621788],[-111.637912570751,40.5679820401187],[-111.638037761766,40.5678418016742],[-111.6380412625,40.5678372780906],[-111.638096038173,40.5677585988052],[-111.638183333757,40.5676211822794],[-111.638467191506,40.5670349407516],[-111.638745934247,40.5665325086574],[-111.638996306395,40.5661527532068],[-111.639187546939,40.5657414332582],[-111.63923940668,40.565629796986],[-111.639495722082,40.5652545117199],[-111.64001527171,40.5646111065472],[-111.640401006496,40.5641819499988],[-111.640657963295,40.5638751258824],[-111.640845272811,40.5636975134636],[-111.641002751074,40.5634885357571],[-111.641212368454,40.5631729643508],[-111.641444988095,40.5627924029798],[-111.641713238514,40.5624323593002],[-111.642004763383,40.5621595739686],[-111.642468497089,40.5618606051822],[-111.642762714209,40.5617463581883],[-111.643001604989,40.5616522379987],[-111.643106930659,40.5615986795021],[-111.643327220025,40.561486463738],[-111.643519940094,40.5613817889571],[-111.644179596364,40.5610673077474],[-111.644679155782,40.5609338930984],[-111.644828774684,40.5608925180558],[-111.644981278974,40.5607826597071],[-111.645054628214,40.5606714417055],[-111.645207660714,40.5603705928947],[-111.645371170266,40.5601768901102],[-111.645567404545,40.5599469692701],[-111.645654233903,40.5597636047628],[-111.645695075808,40.5595886048765],[-111.645717313603,40.5594443392832],[-111.645782416308,40.5588439867423],[-111.645893567553,40.5581190543223],[-111.646035663963,40.557541693497],[-111.646080097332,40.557126137576],[-111.646194761888,40.5566444236864],[-111.646314519892,40.5563239400653],[-111.646486953307,40.5560770339444],[-111.646662771574,40.5559364129185],[-111.646771874661,40.5558592266371],[-111.647233442528,40.5554647569455],[-111.647736472138,40.555083566148],[-111.648119724879,40.5547751161846],[-111.648446187925,40.5544570738966],[-111.64869833694,40.5541493574998],[-111.648929451005,40.5537426610096],[-111.649202599937,40.5532861802264],[-111.649493712479,40.5528557224905],[-111.649794870882,40.5524873685663],[-111.649889901859,40.552299450121],[-111.649952186549,40.5521450486072],[-111.649979978627,40.5519656160892],[-111.650042760984,40.5516184220434],[-111.650093692766,40.5513893106781],[-111.650135525512,40.5513184458174],[-111.650151792205,40.5512907870554],[-111.650308824904,40.5511637792548],[-111.650488688285,40.5510771831062],[-111.650685686132,40.5510526503885],[-111.650949272497,40.5510745886805],[-111.651251165721,40.5511494624931],[-111.651717871953,40.5512909727122],[-111.652041340913,40.5513618485229],[-111.652339246516,40.5514271026915],[-111.65282445894,40.5515279638795],[-111.653221754146,40.5515752672732],[-111.653735880644,40.5516128987804],[-111.654090398076,40.5516334144375],[-111.654710947088,40.551683952398],[-111.655526615569,40.5517595060385],[-111.656230108726,40.5518374929066],[-111.656736501628,40.5518084897227],[-111.657086544552,40.5517335279146],[-111.657445691003,40.5516233787825],[-111.658017801956,40.5514309359505],[-111.658281423356,40.5513475434071],[-111.658477698059,40.5512855251865],[-111.659048033043,40.551105249447],[-111.659637672822,40.5508946802761],[-111.66017770853,40.5506843923436],[-111.660759582374,40.5504053955279],[-111.661393681573,40.5500333046803],[-111.66161638022,40.5498608615464],[-111.661713611172,40.5497801263684],[-111.661805087516,40.5497147381747],[-111.661845649146,40.549636129053],[-111.66186625021,40.5495693455266],[-111.661865088688,40.5494513363335],[-111.661820631963,40.5492542968921],[-111.661633880301,40.5487589790538],[-111.66155138172,40.5482963960512],[-111.661365618204,40.5479010701975],[-111.661275394112,40.5476133033555],[-111.66126187806,40.5473196922022],[-111.661376336004,40.5469496736666],[-111.661572845167,40.5465170242925],[-111.661867953416,40.5459036332206],[-111.662234193862,40.5453186616262],[-111.662425098436,40.5449175738919],[-111.662592241673,40.5445022078962],[-111.662817547231,40.5439973198513],[-111.663129982185,40.5433468894115],[-111.663391006556,40.5428724257761],[-111.66354191993,40.5426085007371],[-111.66366778558,40.5423194939844],[-111.663694134065,40.5421175443837],[-111.66376872298,40.5416585643268],[-111.663866949265,40.5414408862474],[-111.663987159121,40.5412969549694],[-111.664110441216,40.5412250765955],[-111.664263590497,40.5411881601451],[-111.665052861085,40.5409944339506],[-111.665642795512,40.5408243725841],[-111.666331020004,40.5405636528086],[-111.667119205428,40.5402618125176],[-111.667866100688,40.5399647093293],[-111.668153871497,40.5398098950288],[-111.668439878914,40.5395965323126],[-111.668662525459,40.5394240752771],[-111.66890162914,40.5392443158042],[-111.669184100788,40.5391507900051],[-111.669462503067,40.5391230511225],[-111.669675586148,40.5390578532339],[-111.669986650273,40.5388713682985],[-111.670221187817,40.5387078485397],[-111.670460312159,40.5385307885566],[-111.670972337498,40.5382485413215],[-111.671353634607,40.5381193016311],[-111.671636673091,40.538083422533],[-111.671936791245,40.5381023980759],[-111.672163145137,40.5380659468691],[-111.672232718757,40.5380565331658],[-111.672283374756,40.5380445272615],[-111.672499848977,40.5379648899538],[-111.672685191183,40.5378421913367],[-111.672892741539,40.5376968411852],[-111.673074079954,40.5375282201411],[-111.673512036503,40.5370205405093],[-111.67366249533,40.5367401186227],[-111.67374170967,40.5365144347788],[-111.673786825758,40.5361853481811],[-111.673888631829,40.5357397163078],[-111.674120755601,40.5353374672515],[-111.67432976033,40.5349849020075],[-111.674556750229,40.5345421419153],[-111.674769884513,40.5341309943905],[-111.675002215795,40.5337503635339],[-111.67516394758,40.5333944690711],[-111.675274212188,40.533204638619],[-111.675436524285,40.5330244132103],[-111.675671254069,40.5328834030859],[-111.675818465486,40.5328456060709],[-111.676039868763,40.5327884557967],[-111.676347552527,40.5326226933716],[-111.676586237593,40.5325230995787],[-111.677198328068,40.5323357327689],[-111.677259579696,40.532309518388],[-111.677788499651,40.5320827265254],[-111.678174616221,40.531850734679],[-111.678327463668,40.5317867750686],[-111.67845106736,40.5317500138661],[-111.678604424152,40.5317365006609],[-111.678779594734,40.5317787143973],[-111.679063313243,40.5319301983231],[-111.679663631296,40.532214952629],[-111.680215775396,40.5325225096801],[-111.680635777317,40.5327227355838],[-111.680963134187,40.532868552603],[-111.681134804034,40.5329143869273],[-111.681348558156,40.5329185318966],[-111.681498265093,40.5328942260278],[-111.681710006988,40.5328164014443],[-111.681991903714,40.5326705959184],[-111.682349399062,40.532411732226],[-111.683006172637,40.5319754263168],[-111.683405477374,40.5317649601834],[-111.68378791175,40.5316374742917],[-111.68408224655,40.5315546517899],[-111.684393556813,40.5313996576058],[-111.684558157818,40.5313311162107],[-111.684686801058,40.53132584936],[-111.684880745531,40.5313562310401],[-111.685218005428,40.5314308066794],[-111.686259258844,40.53164984867],[-111.687010941226,40.5318390724565],[-111.687656212772,40.5320136102638],[-111.688526501518,40.5323696827495],[-111.689364138299,40.5327646824262],[-111.690176685135,40.5331300956774],[-111.690573779118,40.5332808740033],[-111.691005655869,40.5333692819519],[-111.6916140372,40.5335133872932],[-111.692631785298,40.5337379178557],[-111.693497409991,40.5339804692253],[-111.694344011061,40.5342096148826],[-111.695007648663,40.5344434590109],[-111.695428467153,40.5346030866829],[-111.695666188327,40.5347548065928],[-111.69593379106,40.5349414804963],[-111.696253372112,40.5350618952416],[-111.696265699693,40.5350665056979],[-111.696720541874,40.5352043017346],[-111.697332105936,40.5354249330592],[-111.697739846752,40.5355747217359],[-111.69794278426,40.5356734944588],[-111.698001996712,40.5356902532073],[-111.698083746097,40.5357167857788],[-111.698227772987,40.5357141142934],[-111.698329023899,40.5356855745218],[-111.698465237242,40.535612680382],[-111.698600879257,40.5354848351887],[-111.698750287055,40.5353181686795],[-111.698913158803,40.5351973659238],[-111.699085625456,40.5350909186495],[-111.699243651691,40.5349584333226],[-111.699411722887,40.5347700314765],[-111.699628978642,40.5345425938842],[-111.699879713709,40.5343554928432],[-111.700760212706,40.5338690824472],[-111.701424109922,40.5336731653358],[-111.701808331047,40.533605968537],[-111.702131645498,40.5335859867241],[-111.702639473009,40.5335964128793],[-111.70273863983,40.5335949087985],[-111.702905066211,40.533589392242],[-111.702993616742,40.5335888535585],[-111.703448087919,40.5335779795231],[-111.704462894034,40.5335177431929],[-111.705146309844,40.5336081676489],[-111.705417438465,40.5336785835706],[-111.705542863042,40.5337039433069],[-111.705639639446,40.5336997485461],[-111.7056915989,40.5337003322897],[-111.70591780457,40.5336530053474],[-111.706112613222,40.5335392045296],[-111.706433986414,40.5333345404939],[-111.706751676512,40.5332289955811],[-111.707458555419,40.5330805275556],[-111.707994853237,40.5329916590536],[-111.708458708216,40.5329753024517],[-111.708884458456,40.5329285478236],[-111.709433445876,40.5328116665727],[-111.710429001993,40.5326073546631],[-111.711375975423,40.5324988270214],[-111.712096444942,40.5325205146757],[-111.712628689561,40.532607321891],[-111.712877341435,40.5326733542345],[-111.712978972335,40.5326817363741],[-111.713078242462,40.5326901328504],[-111.713192526132,40.5326669049635],[-111.71334627459,40.5325794710587],[-111.713493564161,40.5324398248229],[-111.713853664622,40.5321042729836],[-111.714041337956,40.531876089645],[-111.71419709864,40.5315336909657],[-111.714416299247,40.5310503619008],[-111.714740698863,40.5304672836569],[-111.715024145183,40.52991959291],[-111.715324052232,40.5293325207737],[-111.715330643171,40.5293195068801],[-111.715626662312,40.5288447083346],[-111.715945559746,40.5283013004794],[-111.716375435949,40.5276472947552],[-111.716807971165,40.5272437175386],[-111.717199058114,40.5269394936364],[-111.717350580546,40.5268664820978],[-111.717709761133,40.5266705609002],[-111.718015595266,40.5265650587508],[-111.718443647889,40.5264065447213],[-111.718843322732,40.5261337928935],[-111.719271115741,40.5258410449081],[-111.719973160814,40.5253610042456],[-111.720226735456,40.5252269933641],[-111.720385477648,40.5251674460117],[-111.720567093642,40.5251491967489],[-111.72083795187,40.5251961555076],[-111.721157270614,40.525248216318],[-111.721412300527,40.5252502279268],[-111.721677276586,40.5252990227354],[-111.721772094663,40.5253335648773],[-111.721950283584,40.5254360542918],[-111.722044308448,40.5255066365334],[-111.722111094596,40.5255692815563],[-111.722391272845,40.5258242830134],[-111.722651124016,40.5259451784602],[-111.722936608613,40.5260343826945],[-111.723262503025,40.5261485574681],[-111.723743330773,40.5263977951249],[-111.724201366465,40.5267228479418],[-111.724467901999,40.5269157687188],[-111.72467656447,40.5271063489567],[-111.724967061667,40.5275504657508],[-111.725239933019,40.5277829839027],[-111.725471900483,40.5279445877594],[-111.725683352223,40.5280648798844],[-111.72586958466,40.5281456910808],[-111.726302766663,40.5283537760659],[-111.726451417181,40.5284528400617],[-111.726534815874,40.5285225847523],[-111.726590299419,40.528631243102],[-111.726586098897,40.5287889250098],[-111.726587558659,40.5289240485444],[-111.726619810873,40.5290679872859],[-111.726684583896,40.5291621730767],[-111.726802580304,40.5292650328518],[-111.727020790968,40.5293546498493],[-111.727294489668,40.5294439164585],[-111.727661494581,40.5295361988035],[-111.72798630293,40.5295476661507],[-111.728305646827,40.5295997071942],[-111.728465846086,40.5296743715016],[-111.728614444502,40.5297680279675],[-111.728761521172,40.5298301623843],[-111.728927155239,40.5298615491121],[-111.728968573862,40.5298702968908],[-111.72918335386,40.5298608335585],[-111.729390543094,40.5298045717675],[-111.729608463602,40.5297581515382],[-111.729807886002,40.5297478838737],[-111.730043019129,40.5297644160554],[-111.730279577883,40.5298034608833],[-111.730568082616,40.529842177271],[-111.73086485185,40.5298808403796],[-111.731190940298,40.5299012991949],[-111.731538769773,40.5299666637159],[-111.731728203805,40.5300150133331],[-111.731799235391,40.5300325812237],[-111.732297481472,40.5302492407992],[-111.732594826526,40.5304491539572],[-111.732668353632,40.5305874244578],[-111.732735014016,40.5307455571711],[-111.732909725559,40.5310678673882],[-111.733087512035,40.5312388090269],[-111.73339766437,40.5315296285251],[-111.733630823899,40.5317975128426],[-111.733685375891,40.5319277950111],[-111.733765312476,40.5321119690234],[-111.733927459283,40.5323640882582],[-111.734098749143,40.5324801147998],[-111.734365396069,40.5325703112511],[-111.734528617261,40.5325961199752],[-111.734661087325,40.5326170791015],[-111.734850678562,40.5326789357277],[-111.734933540062,40.5326982282324],[-111.734980903736,40.5327105389189],[-111.73507998881,40.5327018003868],[-111.735117719848,40.5326970559485],[-111.735274704936,40.5325843472765],[-111.735406030546,40.5325006301728],[-111.735600588568,40.5323687630791],[-111.736139247159,40.5320680404097],[-111.736298255252,40.5319246877744],[-111.736390200516,40.531695276902],[-111.736497135069,40.5313252321402],[-111.736650694881,40.530684623916],[-111.736722899667,40.5303778627382],[-111.736719683698,40.5300841944716],[-111.736638121162,40.5296441809207],[-111.736681543926,40.5291889567676],[-111.736772842403,40.5289009920979],[-111.736917172025,40.5287117866438],[-111.737179813363,40.5285452487226],[-111.737399365212,40.5284330390184],[-111.737568028398,40.5282022362597],[-111.737707019332,40.5279572093102],[-111.737803523546,40.5276061483688],[-111.737919899393,40.5274522546098],[-111.73810421213,40.5272492783171],[-111.738335444772,40.5271261818013],[-111.73859916858,40.5269515261116],[-111.738725522913,40.5267390101028],[-111.738770073961,40.5264954861408],[-111.738797690868,40.5262151335532],[-111.738915424069,40.5256477229517],[-111.739093109934,40.5251646122756],[-111.739260670887,40.5248347167727],[-111.739643373859,40.5242079531798],[-111.739812861699,40.5240537177095],[-111.739923035577,40.5239809413386],[-111.740140781812,40.5239209893204],[-111.74045185492,40.5238667444358],[-111.740824064672,40.5237895853819],[-111.741147418648,40.5236712972396],[-111.742098641109,40.5232147487618],[-111.742632316745,40.5228996130494],[-111.743173053138,40.5226898333601],[-111.743720077739,40.5225151456242],[-111.743830901099,40.5225018197078],[-111.743965613357,40.5225135648149],[-111.744225762769,40.5225524294963],[-111.744439083004,40.5226267301824],[-111.744855625513,40.5229294461233],[-111.74584820641,40.5235446549693],[-111.746436840076,40.5239282356252],[-111.746887303869,40.5242009957457],[-111.747404048058,40.5243823360562],[-111.747723142223,40.5244127038133],[-111.747852856255,40.5243992519495],[-111.748296510818,40.5243774606072],[-111.748584891584,40.5244062230198],[-111.74868652428,40.5244154747604],[-111.748810295956,40.5243984564458],[-111.749093202389,40.5243596863833],[-111.749612646015,40.5242527159104],[-111.749842278758,40.5242007758719],[-111.749994562064,40.5241997878056],[-111.750182711505,40.524239106279],[-111.750378044773,40.5242873869647],[-111.750461221582,40.5243354941752],[-111.750758193835,40.524499328289],[-111.751143272852,40.524623850606],[-111.751586539342,40.5247786235187],[-111.752026265572,40.5249334172417],[-111.75233484855,40.5250791542486],[-111.752780438084,40.5254411106125],[-111.753002180924,40.5256333563526],[-111.753069313821,40.5256716572619],[-111.753120998391,40.5257010493644],[-111.753340402018,40.5257897076663],[-111.754205066411,40.5260417202686],[-111.754827063507,40.5262358536409],[-111.755176176675,40.5263101475126],[-111.75537044005,40.5263674357781],[-111.755555856816,40.5264779330277],[-111.755735243192,40.5266821618863],[-111.755963461088,40.5270293117582],[-111.756050295837,40.5272972079205],[-111.756194856325,40.527553915275],[-111.756360978178,40.5277330048756],[-111.756556067104,40.5278632567094],[-111.756871512313,40.5279873153011],[-111.757204044377,40.5281608089013],[-111.757524646814,40.5284280723695],[-111.757786830011,40.5285398648952],[-111.757852951405,40.5285403319261],[-111.757917842108,40.5285363027609],[-111.758085016786,40.5284937653859],[-111.758242702559,40.5284476863287],[-111.758666524117,40.5284449046236],[-111.758918694692,40.5285063103604],[-111.759180361358,40.5285721576113],[-111.759476163106,40.5286287713924],[-111.759618827252,40.5287161203236],[-111.759791637061,40.5288591254546],[-111.760076480261,40.5290950857797],[-111.760279345005,40.5291811374904],[-111.760563405773,40.5292432308013],[-111.761171809562,40.5292752596231],[-111.761220202705,40.529274040167],[-111.761934256456,40.5292522169532],[-111.762388471613,40.5292221941477],[-111.762560375921,40.5291805195682],[-111.762649793326,40.5291529028732],[-111.762690439398,40.5290931767046],[-111.762722657475,40.5290190914373],[-111.762649689121,40.5288312880858],[-111.762632384874,40.5287629345625],[-111.762631686883,40.5285971765181],[-111.76268334091,40.5284671077341],[-111.762751982978,40.5283774670175],[-111.762916807663,40.5282322376726],[-111.763185515324,40.527981818767],[-111.76338940235,40.5277417372277],[-111.763545658006,40.5274659346004],[-111.763747973879,40.5271916289175],[-111.763999785128,40.5270133906988],[-111.7642109,40.5268903750042],[-111.764492998847,40.5267804028338],[-111.764726644364,40.5266662462069],[-111.765009001027,40.5264751908442],[-111.765256864181,40.5262618416541],[-111.765505691226,40.526029566771],[-111.765717837364,40.525893929382],[-111.765899268305,40.5257566932323],[-111.766009981172,40.5256298350332],[-111.766108416764,40.5254616178981],[-111.766230840968,40.5253265741015],[-111.766388362349,40.5251633702115],[-111.766486796145,40.5249951525885],[-111.76655024595,40.5248650037509],[-111.766694790269,40.5247027861131],[-111.76688197492,40.5245528980215],[-111.767104727466,40.5244162866519],[-111.76760571251,40.5241426936619],[-111.767867468109,40.5239067240945],[-111.768071841125,40.5237116751122],[-111.768387935815,40.5234789468592],[-111.768721388652,40.5233190741771],[-111.769014817051,40.5231693762374],[-111.769208807339,40.5229960158461],[-111.769413081539,40.5227928573933],[-111.769634281796,40.5226247205435],[-111.76976813257,40.5225607664677],[-111.769910555069,40.5225237823736],[-111.770129304722,40.5224511545697],[-111.770445341022,40.5223175182218],[-111.770739617431,40.5222425841838],[-111.771039111255,40.5222108572387],[-111.771404739949,40.5221813898571],[-111.771728846714,40.5221341817914],[-111.772324384831,40.521976150991],[-111.77266670404,40.5218702604155],[-111.772900224691,40.521850681406],[-111.773130462899,40.5218536450259],[-111.773466629546,40.5218288735293],[-111.773507204651,40.5218155385992],[-111.773802992924,40.521718514748],[-111.774009299114,40.521591009062],[-111.774354015028,40.5213860005629],[-111.774560020282,40.5213350709948],[-111.774800434605,40.5212992252471],[-111.775071964773,40.5213001068289],[-111.775231364532,40.5213026409497],[-111.775314005046,40.5213029878463],[-111.775396686883,40.5213069375509],[-111.775456629665,40.5212840130089],[-111.775850360356,40.5211327235366],[-111.776202047197,40.5209186533007],[-111.776560413011,40.5207721041895],[-111.777442086106,40.5204508650568],[-111.77827489624,40.5200903096467],[-111.778339388091,40.5200628490001],[-111.778650802559,40.5199301222689],[-111.778940580205,40.5197741178491],[-111.77933186119,40.5195147270046],[-111.77973690706,40.5193228078908],[-111.779989700167,40.5192355177381],[-111.78071830483,40.5189513228853],[-111.780999768568,40.5187917651447],[-111.781100329574,40.5187091050033],[-111.781169940025,40.5186041318579],[-111.781249388826,40.5184315251872],[-111.781268795131,40.5182728382704],[-111.781172325052,40.5179960173997],[-111.78105076413,40.5175914403447],[-111.781072791719,40.5173534577227],[-111.781182625135,40.5171545196234],[-111.781420186409,40.5168745397626],[-111.78171312882,40.5166878763117],[-111.782018083503,40.5165191491341],[-111.78269481944,40.5162443014871],[-111.78282929095,40.5161343835565],[-111.782940008309,40.5160120137441],[-111.783090495882,40.515756943544],[-111.783181883292,40.5154950670114],[-111.783296068148,40.5151636679136],[-111.783522376226,40.5149324076543],[-111.783720549069,40.5148193535918],[-111.784015475859,40.5147029406666],[-111.784951523978,40.5144992913182],[-111.785916040607,40.5143080537612],[-111.786316933565,40.5142701916352],[-111.786535935645,40.5142227560431],[-111.786694590701,40.5141631183284],[-111.786999836438,40.5140214026515],[-111.787540508153,40.5138240281673],[-111.78780548511,40.5137717727235],[-111.787918107796,40.5137124467134],[-111.787993392905,40.5135894127549],[-111.788027166865,40.5134495452869],[-111.788071394519,40.5132951921824],[-111.788097684614,40.5130202418529],[-111.788195033245,40.5126646286396],[-111.788252201131,40.5125065837121],[-111.788344470688,40.5123221734751],[-111.788548326273,40.5120910563988],[-111.788705446108,40.5119007974891],[-111.788941827894,40.5115244147813],[-111.789090033746,40.5110774640175],[-111.7891628422,40.5107436383313],[-111.7891071745,40.5100224081852],[-111.789052795882,40.509411076876],[-111.789056551739,40.5091272720299],[-111.789194596747,40.5088209285349],[-111.789386743691,40.5085988982745],[-111.789601911761,40.5083271620087],[-111.790038027662,40.5077737388878],[-111.790273029635,40.5074626771358],[-111.790543593215,40.5071045257474],[-111.790774815078,40.506693039835],[-111.790936387862,40.5063811274928],[-111.791145165317,40.5060688919964],[-111.79148195809,40.5056026291634],[-111.791682738742,40.505212970548],[-111.791696348219,40.5049651335789],[-111.791610815129,40.5047170743902],[-111.791543631027,40.5045238438349],[-111.791441318306,40.5043542766465],[-111.791206138467,40.5040261618882],[-111.79065682945,40.5034803800637],[-111.790197094146,40.5030240711352],[-111.78956962631,40.5023535947561],[-111.789212184862,40.5019641501907],[-111.789085373286,40.5017172718554],[-111.789042505681,40.5014833333586],[-111.78902701064,40.5011681282879],[-111.789097962277,40.5006766593065],[-111.789111261834,40.5003008980534],[-111.789116357977,40.500131496425],[-111.789190263274,40.4998922557541],[-111.789239324763,40.4996477804108],[-111.789328935306,40.4992381648255],[-111.789430986617,40.4987825183332],[-111.789373409997,40.4985018346791],[-111.789347560975,40.4983101218318],[-111.789363612072,40.4980685739714],[-111.78956640046,40.4978509749484],[-111.789947950893,40.4976817030721],[-111.790547959926,40.4975244487153],[-111.790978573646,40.4974133955108],[-111.791447226526,40.4972255049836],[-111.792081516168,40.496973414802],[-111.792492975111,40.4969399633295],[-111.792792218305,40.4968973710671],[-111.793141659358,40.496808488067],[-111.793534622887,40.4966075947292],[-111.793661463209,40.4965659135369],[-111.794010714716,40.4964511733111],[-111.794787073819,40.4963395315286],[-111.795092636661,40.496232926907],[-111.795211113668,40.4961726529184],[-111.795522905428,40.4960939317959],[-111.795887581908,40.4959968270049],[-111.796917134766,40.4957419874],[-111.797276228216,40.4956719442355],[-111.797422871898,40.4955988610734],[-111.797875459308,40.4955515939871],[-111.798316342568,40.4953134170156],[-111.798521448609,40.4951948846248],[-111.798637218093,40.4951057971616],[-111.798884085913,40.4949266156211],[-111.799322456585,40.4945767425294],[-111.799773637233,40.4943123629156],[-111.800049812589,40.4942167584612],[-111.800173321957,40.4941834716182],[-111.800485259245,40.4941182491417],[-111.800678513812,40.4940952893447],[-111.80105561489,40.4940521357809],[-111.802091499973,40.4938377461361],[-111.802633574857,40.4936763271764],[-111.802755541818,40.4936128680986],[-111.80288102748,40.4935475829008],[-111.802887669623,40.4935405095654],[-111.803043106913,40.493374476567],[-111.803050897103,40.4933647833259],[-111.803269787792,40.4930971396063],[-111.803447312859,40.4925472634961],[-111.803553561099,40.4921555389876],[-111.803669983658,40.4920231997098],[-111.803721423886,40.4918841050168],[-111.803861938363,40.4917930388028],[-111.804089348674,40.4917456009761],[-111.804103238424,40.4917427118571],[-111.804413660254,40.4917495606197],[-111.80446738939,40.4917527899562],[-111.804549457677,40.4917576240547],[-111.804785653512,40.4917739975455],[-111.805080629708,40.4917719425759],[-111.805099187105,40.4917646962118],[-111.805141705266,40.4917480938573],[-111.805223393566,40.4916718501802],[-111.805328549455,40.4916338208786],[-111.805378484107,40.4916158152613],[-111.805407594014,40.4915831802385],[-111.805767741187,40.4911796837954],[-111.806009885666,40.4907465595794],[-111.806066955636,40.490674090013],[-111.806130886039,40.4906030147387],[-111.806498977015,40.4901936049089],[-111.806677575568,40.4900120901515],[-111.80684755299,40.4898398245826],[-111.807278664376,40.4893827656422],[-111.807389670993,40.4892919009917],[-111.80764670864,40.4892756908618],[-111.807878871038,40.4892515461163],[-111.807988235534,40.4892008722516],[-111.808084222319,40.4891564174702],[-111.808162633565,40.4891222659247],[-111.808254426116,40.4890822552779],[-111.808500088397,40.4889048633428],[-111.808857520862,40.4887005631382],[-111.809016642143,40.4886469271859],[-111.809198325511,40.488585566243],[-111.809774404323,40.4885094597122],[-111.809879842283,40.4884955681789],[-111.810387003244,40.4884285904933],[-111.810437136424,40.488417518519],[-111.811058960145,40.4882797342521],[-111.811315680687,40.4882964905022],[-111.811947206213,40.4884058378095],[-111.81272699149,40.4885492739387],[-111.816314197083,40.4891669564308],[-111.822223387786,40.4865150992479],[-111.82241694778,40.4863359767547],[-111.826318424484,40.4863356242114],[-111.826316280205,40.4848427753731],[-111.826321521875,40.4827302407578],[-111.831355047415,40.4827268449549],[-111.83227436531,40.4827255433443],[-111.83322565784,40.4827242745302],[-111.833326415577,40.4827241788738],[-111.833316811688,40.4818903844658],[-111.833314999787,40.4817915700785],[-111.834788765062,40.4817759792293],[-111.834822833669,40.4814213229871],[-111.834823153469,40.4814186179075],[-111.834823468778,40.4814154625505],[-111.834823894579,40.4814117660408],[-111.834824328466,40.4814086995091],[-111.834824867455,40.4814045520384],[-111.834825406444,40.4814004940763],[-111.834826067604,40.4813967053238],[-111.834826505982,40.4813939995599],[-111.83482694436,40.4813912937959],[-111.834827382738,40.4813885880318],[-111.834827939693,40.4813858809011],[-111.834828378071,40.4813831751368],[-111.83482893323,40.4813803784969],[-111.834829489287,40.4813776720491],[-111.834830045344,40.481374964918],[-111.834830715487,40.4813718977012],[-111.834831495225,40.4813681977728],[-111.83483216986,40.4813654906412],[-111.834832840003,40.4813624227408],[-111.834833739217,40.4813588123207],[-111.834834412953,40.4813561051888],[-111.834835087588,40.4813533973734],[-111.834835993988,40.481350328106],[-111.834837009983,40.4813466268097],[-111.834837798703,40.4813436484174],[-111.834839045565,40.4813395856687],[-111.834840294223,40.4813356124287],[-111.834841428795,40.4813319104483],[-111.834842339687,40.4813292914577],[-111.834843474259,40.481325589477],[-111.834844499237,40.481322609034],[-111.834845641894,40.4813196279075],[-111.834847008232,40.481315653983],[-111.834848493147,40.481311679375],[-111.834850205336,40.4813070727378],[-111.834851347993,40.4813040916106],[-111.834852377462,40.4813014712524],[-111.834853406931,40.4812988515773],[-111.83485455408,40.4812962305355],[-111.834855698534,40.4812933396001],[-111.83485730562,40.4812897243934],[-111.834858452768,40.4812871033513],[-111.834859714901,40.4812842117323],[-111.834861321987,40.481280596525],[-111.834862587714,40.4812780649915],[-111.834864195698,40.481274539293],[-111.834865574612,40.4812715567978],[-111.834867302072,40.4812681206079],[-111.834868798665,40.4812651367459],[-111.83487006529,40.4812626052119],[-111.834871564578,40.4812598017342],[-111.834873407023,40.4812561851592],[-111.834874791327,40.4812536522582],[-111.834876176529,40.4812511200405],[-111.834877560833,40.4812485878226],[-111.834878945137,40.4812460549214],[-111.834880330339,40.4812436128957],[-111.834881947306,40.4812408080508],[-111.834884604523,40.4812362847683],[-111.834945281229,40.4811342259053],[-111.834946783212,40.4811316923165],[-111.834948285195,40.4811291594109],[-111.834949671296,40.4811267166977],[-111.834951055599,40.4811241844751],[-111.834952557583,40.481121650886],[-111.834953824207,40.4811191193465],[-111.834955208511,40.4811165864405],[-111.834956591917,40.481113964025],[-111.834957858541,40.4811114324852],[-111.834959357829,40.4811086290014],[-111.834961082595,40.4811050131014],[-111.834962809157,40.4811015769029],[-111.834964188071,40.4810985944001],[-111.834965454695,40.4810960621765],[-111.834966601844,40.4810934418101],[-111.834967863977,40.4810905494994],[-111.834969471063,40.4810869342817],[-111.834970733196,40.4810840426541],[-111.834972340282,40.4810804274361],[-111.834973368853,40.481077807069],[-111.8349745169,40.481075186702],[-111.834975546369,40.4810725663347],[-111.834976689026,40.4810695851972],[-111.834978059855,40.4810659720282],[-111.834979202512,40.4810629908903],[-111.83498056885,40.4810590169506],[-111.834981936086,40.4810550430108],[-111.834983189235,40.4810514305243],[-111.834984322909,40.4810477285283],[-111.834985347887,40.4810447480729],[-111.834986363882,40.481041047443],[-111.834987270282,40.4810380676706],[-111.834988176682,40.4810349983887],[-111.834989193575,40.4810313872677],[-111.83498986821,40.4810286794393],[-111.834990660524,40.4810259716107],[-111.834991448346,40.4810229023283],[-111.834992345763,40.4810192023805],[-111.834992902719,40.4810164959182],[-111.834993691439,40.481013516828],[-111.834994471177,40.481009817563],[-111.834995026336,40.4810070209076],[-111.834995583291,40.4810043144447],[-111.834996139349,40.4810016079818],[-111.834996577726,40.4809989015187],[-111.834997133784,40.4809961950555],[-111.834997572161,40.4809934892755],[-111.834998010539,40.4809907834954],[-111.834998448019,40.4809879875225],[-111.834998886397,40.4809852817421],[-111.834999207095,40.4809825766449],[-111.834999645473,40.4809798708644],[-111.834999959883,40.4809767154868],[-111.835000386583,40.4809730189529],[-111.835000701892,40.4809699537677],[-111.835001127693,40.4809661663575],[-111.835001329814,40.4809634626261],[-111.835001531037,40.4809606680186],[-111.835001851735,40.4809579636037],[-111.835001931686,40.4809548997843],[-111.835002238909,40.4809511137398],[-111.835002440132,40.4809483198151],[-111.835002524574,40.480945616083],[-111.835002608117,40.4809428228413],[-111.835002692559,40.4809401197922],[-111.835002772509,40.4809370559721],[-111.835002843476,40.4809332719763],[-111.83500280395,40.4809301186464],[-111.835002876713,40.4809264248431],[-111.835002724,40.4809236329672],[-111.835002690762,40.4809209306006],[-111.835002655728,40.4809181380412],[-111.835002504811,40.4809154363577],[-111.835002347606,40.4809122843935],[-111.835002183214,40.4809085919557],[-111.835002031399,40.4809058007623],[-111.835001761904,40.4809030997616],[-111.835001604699,40.4808999477968],[-111.835001204948,40.480896256725],[-111.835000930064,40.4808931061264],[-111.835000530314,40.4808894150541],[-111.835000259921,40.4808866245432],[-111.834999868255,40.480883564137],[-111.834999349029,40.480879784238],[-111.834998961855,40.4808770846028],[-111.834998444426,40.4808733942129],[-111.834997933284,40.4808702449798],[-111.834997423041,40.4808671859394],[-111.834996787932,40.4808634962323],[-111.834996398962,40.4808607064036],[-111.834995775531,40.4808580081342],[-111.834995270678,40.4808553091814],[-111.834994764926,40.4808526102285],[-111.834994019325,40.4808495525539],[-111.834993265638,40.4808458648956],[-111.834992642207,40.4808431666256],[-111.834991896605,40.4808401089505],[-111.834990906662,40.480836421975],[-111.83499028413,40.4808337243879],[-111.834989542121,40.4808310268007],[-111.834988801011,40.4808283292134],[-111.834988059901,40.4808256323092],[-111.834987200213,40.480822935405],[-111.834986459103,40.4808202385007],[-111.834985478143,40.480817272384],[-111.834984371418,40.4808135867738],[-111.834983511731,40.4808108905523],[-111.83498265384,40.4808082838404],[-111.834981671981,40.4808052282136],[-111.834980447577,40.4808016334789],[-111.83497947021,40.4807989379403],[-111.834978371571,40.480795972506],[-111.834976907317,40.4807920197322],[-111.834975324485,40.4807880669582],[-111.83497349821,40.4807834855664],[-111.834972280993,40.480780521498],[-111.834971186845,40.4807779168347],[-111.834970092697,40.4807753121713],[-111.83496888087,40.4807727081911],[-111.834967786722,40.4807701035276],[-111.834966574894,40.4807674995472],[-111.834965241794,40.4807646263543],[-111.834963423604,40.4807607658215],[-111.834961488633,40.4807569059717],[-111.834959791716,40.4807533146509],[-111.834958463107,40.4807508015461],[-111.834957132702,40.4807481989315],[-111.8349553208,40.4807447886795],[-111.834953267252,40.4807409295121],[-111.834951698793,40.480738058368],[-111.834949768314,40.4807346487987],[-111.834948198957,40.480731776971],[-111.834946751771,40.480729265232],[-111.834944947954,40.4807264856469],[-111.834943016576,40.480722985884],[-111.834940852534,40.4807196678736],[-111.8349391646,40.4807167974118],[-111.834937601531,40.4807143765485],[-111.834935918089,40.4807118661754],[-111.83493435502,40.4807094446287],[-111.834932550305,40.4807066650428],[-111.834930267685,40.4807033483982],[-111.834928345291,40.4807005694953],[-111.834926062672,40.4806972528503],[-111.834923780052,40.4806939362052],[-111.834921859454,40.480691247495],[-111.834920059231,40.4806888279974],[-111.834918259905,40.4806864084997],[-111.834916461478,40.480684079195],[-111.834914661254,40.4806816596971],[-111.834912862827,40.4806793303923],[-111.8349110644,40.4806770010873],[-111.834909265074,40.4806745815892],[-111.834907348069,40.4806722529674],[-111.834905431963,40.4806699243454],[-111.834903276006,40.4806673278773],[-111.834900640349,40.4806641034736],[-111.834898723344,40.4806617748514],[-111.834896808136,40.4806595364222],[-111.8348945345,40.4806569406369],[-111.834892260864,40.4806543441683],[-111.834889988126,40.4806518378926],[-111.83488771449,40.480649242107],[-111.834885323175,40.4806467365144],[-111.834882570737,40.4806436036695],[-111.83488018032,40.4806410980767],[-111.83487695447,40.4806377882616],[-111.834873966673,40.4806347469759],[-111.834871934684,40.4806325994223],[-111.834851379434,40.480611397195],[-111.834831410783,40.4805899195984],[-111.834811792476,40.4805681700486],[-111.834792761667,40.4805462353222],[-111.834774199778,40.4805240272757],[-111.834756223591,40.4805015452254],[-111.834738718121,40.4804788786811],[-111.834721680673,40.4804559394993],[-111.834705229825,40.4804327249462],[-111.834689249695,40.4804094174586],[-111.834673856164,40.4803858352827],[-111.834659049233,40.4803619784183],[-111.83464471302,40.4803380279354],[-111.834630964304,40.4803138936404],[-111.834617803087,40.4802895741665],[-111.83460511079,40.4802649813698],[-111.83459300689,40.4802402942705],[-111.834581491386,40.4802155128688],[-111.834570564279,40.4801905469708],[-111.83456022467,40.4801653972594],[-111.834550355779,40.4801401532451],[-111.834541192065,40.4801147240507],[-111.834532499966,40.4800892019195],[-111.834524513943,40.4800635841184],[-111.834516998637,40.4800378726972],[-111.834510190306,40.4800120662891],[-111.834503852691,40.4799861662606],[-111.834498221153,40.479960171245],[-111.83449306123,40.4799340826089],[-111.834488609179,40.4799079891796],[-111.834484626948,40.4798818021295],[-111.834481352588,40.4798555194088],[-111.834478668422,40.4798293234554],[-111.834476571755,40.4798029423204],[-111.834475066178,40.4797766472695],[-111.834474150795,40.4797503474253],[-111.834473823808,40.4797239539599],[-111.834474087913,40.4796976458956],[-111.834475058992,40.4796712428434],[-111.834476502584,40.4796449265589],[-111.834478655846,40.4796186949923],[-111.834481397504,40.4795923691211],[-111.834484611676,40.4795661300177],[-111.834488534619,40.4795399763156],[-111.834493047755,40.4795138178203],[-111.834498153779,40.4794878349211],[-111.8345038482,40.4794618485955],[-111.83451013461,40.4794359476714],[-111.834517010315,40.4794100419543],[-111.834524479807,40.4793844027119],[-111.834532538593,40.47935875936],[-111.834541188471,40.4793332020934],[-111.834550430339,40.4793078204239],[-111.834560264196,40.4792826143516],[-111.834570570568,40.4792574048535],[-111.834581587506,40.4792324611479],[-111.834583886295,40.4792275796831],[-111.834589902312,40.4792275359521],[-111.834628238816,40.4791507737781],[-111.834669945798,40.4790794819946],[-111.834728563565,40.4789923929671],[-111.83479012062,40.478913931843],[-111.834857730523,40.4788384887622],[-111.834991508533,40.4787044614364],[-111.83513253505,40.4785747051665],[-111.835280579205,40.4784495828116],[-111.835435287962,40.4783291866437],[-111.835596311875,40.4782138795239],[-111.83576353596,40.4781038425547],[-111.835936606281,40.477999168692],[-111.83601070202,40.4779521468168],[-111.836079073695,40.4779002119151],[-111.836141018822,40.4778438183766],[-111.836196072972,40.4777835107885],[-111.836244005279,40.4777196512951],[-111.836284112362,40.4776527851692],[-111.836316285524,40.4775834542685],[-111.836367905415,40.4774460550164],[-111.836368774086,40.4774400124713],[-111.836423190433,40.477271332791],[-111.836468740407,40.4771011849212],[-111.836505426705,40.4769297506135],[-111.836532898983,40.4767573913348],[-111.836538284383,40.4766875333519],[-111.836535883187,40.4766176418134],[-111.836525699885,40.4765480761472],[-111.836507860241,40.4764794677456],[-111.836482487326,40.4764122648722],[-111.836449706903,40.4763470073581],[-111.836409758822,40.4762840539549],[-111.83637041441,40.4762222669308],[-111.836338004092,40.4761582679204],[-111.836312765925,40.4760924156643],[-111.836294707991,40.4760251591039],[-111.836284071039,40.4759570387482],[-111.836280979038,40.4758885035422],[-111.836285318799,40.4758199142831],[-111.836298442287,40.4756700911811],[-111.836302596097,40.4755199725447],[-111.836297666143,40.4753698296559],[-111.836283656018,40.4752200233163],[-111.836260805572,40.4750708207133],[-111.83624715118,40.4750066859876],[-111.836228884837,40.4749226749051],[-111.836227040595,40.4749166526331],[-111.836319010114,40.4749032844583],[-111.836652029065,40.4748547481828],[-111.836656855713,40.4748539930918],[-111.836660860402,40.474853423186],[-111.836665688847,40.4748527576126],[-111.836669692638,40.4748521883901],[-111.8366749918,40.474851429199],[-111.836679820245,40.4748507636256],[-111.836683353319,40.4748502873374],[-111.83668735711,40.4748497181149],[-111.836692185554,40.4748490525414],[-111.836695719527,40.4748485762532],[-111.836699252601,40.4748481006483],[-111.836702785675,40.4748476243601],[-111.836706318749,40.4748471480719],[-111.83671008808,40.474846670417],[-111.836714445807,40.4748460984611],[-111.836718685855,40.4748455271885],[-111.836722218929,40.4748450515836],[-111.836725752902,40.4748446654963],[-111.836729404553,40.4748441885247],[-111.836732937627,40.4748437122365],[-111.836736470701,40.4748432366316],[-111.836740004674,40.4748428505442],[-111.836743774005,40.4748423728893],[-111.836747897272,40.474841892501],[-111.836751430346,40.4748414162127],[-111.836755199677,40.4748409385578],[-111.836759792763,40.4748403652352],[-111.836764506223,40.4748398800635],[-111.836770630937,40.4748391154056],[-111.83677546028,40.4748385400329],[-111.836778994252,40.4748380637446],[-111.83678288216,40.4748376749239],[-111.836787005428,40.4748371952189],[-111.8367905394,40.4748368091316],[-111.836794308731,40.4748363314766],[-111.836798549677,40.4748358504049],[-111.836802437586,40.4748354615842],[-111.836807032469,40.4748349777791],[-111.836811861812,40.4748344024064],[-111.836815632041,40.4748340149524],[-111.836819991565,40.474833532514],[-111.836823761794,40.4748331450599],[-111.836827884163,40.4748326646716],[-111.836831654392,40.4748322772175],[-111.836836013916,40.4748317954624],[-111.836839548787,40.474831499576],[-111.836843555273,40.4748311100719],[-111.836848384616,40.4748305346992],[-111.836852508782,40.4748301445117],[-111.836857576178,40.47482965729],[-111.836861935702,40.4748292650525],[-111.836866530585,40.4748287812474],[-111.836870891007,40.4748283896932],[-111.836875131954,40.4748279086215],[-111.836878785402,40.4748276113684],[-111.83688279099,40.4748272225476],[-111.836887622129,40.4748267366925],[-111.836891275578,40.4748264401226],[-111.836895281165,40.4748260506185],[-111.836900113203,40.4748256556477],[-111.836904237369,40.4748252654602],[-111.836909540124,40.4748247761884],[-111.836914489841,40.4748243798508],[-111.83691802561,40.4748240839644],[-111.836922031198,40.4748236951435],[-111.836926981814,40.474823298806],[-111.836930516684,40.4748230029195],[-111.836934052453,40.4748227070331],[-111.836937705901,40.4748224104632],[-111.836941240772,40.4748221145768],[-111.836945366734,40.4748218139069],[-111.836949491798,40.4748215139203],[-111.836953733643,40.4748211230495],[-111.836957741027,40.4748208237463],[-111.83696316236,40.4748204239921],[-111.836968466013,40.4748200256045],[-111.836973888244,40.4748196258502],[-111.836979191898,40.4748192267793],[-111.836984377872,40.474818829075],[-111.836988856872,40.4748185263552],[-111.836993099615,40.4748182256853],[-111.836996635384,40.4748179297987],[-111.837000761346,40.4748177193298],[-111.837005593384,40.4748173243589],[-111.837009247731,40.4748171173067],[-111.837012784398,40.4748169116211],[-111.837016437846,40.4748166150513],[-111.837019974513,40.4748164093658],[-111.837023511181,40.4748162029969],[-111.837027165527,40.474815996628],[-111.837030936655,40.4748156993749],[-111.837035181195,40.4748154882226],[-111.837038717862,40.474815282537],[-111.837042490786,40.4748150748014],[-111.837047323722,40.4748147693482],[-111.837052156658,40.4748144645782],[-111.837055811005,40.474814257526],[-111.837059347672,40.4748140518404],[-111.837063238276,40.4748138434216],[-111.837067600495,40.4748136315859],[-111.837071960917,40.4748133302327],[-111.83707573474,40.4748132126981],[-111.837080569473,40.4748129974458],[-111.837086227062,40.4748125963247],[-111.837089882307,40.4748124794735],[-111.837093418974,40.4748122737879],[-111.837097073321,40.4748120667357],[-111.837100610887,40.4748119512511],[-111.837104619169,40.4748117421489],[-111.837110043197,40.4748115227965],[-111.837114995609,40.4748113068609],[-111.837118532277,40.474811100492],[-111.837122187521,40.474810984324],[-111.837125724189,40.4748107786385],[-111.83712973337,40.4748106590538],[-111.837134685782,40.4748104431182],[-111.837138813541,40.4748103235336],[-111.837143647375,40.4748101082812],[-111.837147775134,40.4748099880132],[-111.837153080584,40.4748097693442],[-111.837158032996,40.4748095534085],[-111.837161688241,40.4748094365573],[-111.837165225807,40.4748093210727],[-111.83716888195,40.4748092049048],[-111.837172419515,40.4748090887368],[-111.837175957081,40.4748089732523],[-111.837179848583,40.4748088550343],[-111.837184094919,40.474808824284],[-111.837187868742,40.4748087067493],[-111.837192584897,40.4748084921804],[-111.837197538207,40.4748083664457],[-111.837201547389,40.4748082475444],[-111.837206500699,40.4748081211263],[-111.837210393997,40.4748080931094],[-111.83721522873,40.474807968058],[-111.837221715465,40.4748078307065],[-111.837225960903,40.4748077097552],[-111.837232093701,40.4748075758204],[-111.83723704791,40.4748075396034],[-111.837240704053,40.4748074227521],[-111.837244242517,40.4748073974685],[-111.837248371174,40.4748073674015],[-111.837253205907,40.4748072423501],[-111.837257099206,40.4748072143332],[-111.837261817158,40.4748071801661],[-111.83726759602,40.4748070482814],[-111.837271253061,40.4748070216311],[-111.837274791525,40.4748069956641],[-111.837278684824,40.4748069676472],[-111.837283048839,40.4748069362135],[-111.837287413753,40.4748069047798],[-111.837290952217,40.4748068788128],[-111.837294844617,40.4748068507959],[-111.837299563468,40.4748068166289],[-111.837305343228,40.4748067749451],[-111.837309472783,40.4748068350791],[-111.837314309313,40.4748067995453],[-111.837319853715,40.4748067599116],[-111.837324454886,40.4748068166289],[-111.83732870212,40.4748067858785],[-111.83733236006,40.4748068494292],[-111.837335898524,40.4748068234623],[-111.837339555566,40.4748067968119],[-111.83734392048,40.4748068555793],[-111.837347814676,40.4748069170799],[-111.837353477656,40.4748069662805],[-111.837359257416,40.4748069245967],[-111.837363151613,40.4748069867807],[-111.837367517425,40.4748070448647],[-111.837372354853,40.4748071002153],[-111.837377663897,40.4748071514658],[-111.837382619902,40.4748072054498],[-111.837387103394,40.4748072635337],[-111.837392884951,40.4748074015685],[-111.837396424313,40.4748073762849],[-111.837399963675,40.4748074405189],[-111.837403621615,40.4748075040696],[-111.837407161876,40.4748075683037],[-111.837410819815,40.4748076318544],[-111.837414360076,40.4748076967717],[-111.837418017118,40.4748077603224],[-111.837422856342,40.4748079051907],[-111.837426985897,40.4748079653247],[-111.837430526158,40.4748080295587],[-111.837434183199,40.4748080931094],[-111.837438196872,40.474808244811],[-111.837443624493,40.4748083855792],[-111.837448935333,40.4748085270307],[-111.837454363852,40.4748086677989],[-111.837459792371,40.4748088085672],[-111.837464748377,40.474808952752],[-111.837468288637,40.4748090176694],[-111.837471829796,40.4748091721044],[-111.837475487736,40.4748092356551],[-111.837480326961,40.4748094707243],[-111.837484456516,40.4748095308583],[-111.837487997675,40.4748096852933],[-111.837491656513,40.474809839045],[-111.837496495737,40.4748099839132],[-111.837500626191,40.4748101342482],[-111.83750416735,40.4748102886831],[-111.837507826188,40.4748104424348],[-111.837511366449,40.4748105073522],[-111.837514907607,40.4748106617872],[-111.837518566446,40.4748108155389],[-111.837522107604,40.4748109699739],[-111.837525766443,40.4748111237255],[-111.837530605667,40.4748113587948],[-111.837534737019,40.4748115091297],[-111.837539576243,40.4748117441989],[-111.837543707595,40.4748118945339],[-111.837547249653,40.4748121391698],[-111.837550790811,40.4748122936048],[-111.83755444965,40.4748124473565],[-111.837559289772,40.4748126824257],[-111.837563421124,40.4748129222783],[-111.837566962283,40.4748130773966],[-111.837570621121,40.4748132304649],[-111.837574163179,40.4748134751009],[-111.837577704337,40.4748136302192],[-111.837581836588,40.4748138700718],[-111.837587974776,40.4748141857752],[-111.837592107026,40.4748144263112],[-111.837596120699,40.4748146675304],[-111.837601551015,40.4748149887005],[-111.837606863651,40.474815310554],[-111.837612294866,40.4748156317241],[-111.83761713409,40.4748158667933],[-111.837620794725,40.4748161100626],[-111.837624336782,40.4748163546985],[-111.837627878839,40.4748165993345],[-111.837631538576,40.4748168432871],[-111.837635553147,40.4748170845064],[-111.837640511847,40.4748174090932],[-111.837644053904,40.4748176537291],[-111.837647595961,40.4748178983651],[-111.837651138019,40.474818143001],[-111.837654798653,40.4748183862703],[-111.837658340711,40.4748186309063],[-111.837661882768,40.4748188755422],[-111.837666015916,40.4748192062791],[-111.837671329451,40.4748196176501],[-111.837676642088,40.4748199395036],[-111.837681601686,40.4748203542913],[-111.837685144642,40.4748205989272],[-111.837688804378,40.4748208428799],[-111.837692347334,40.4748211770334],[-111.837695889391,40.4748214216694],[-111.837699433245,40.4748217565063],[-111.837703566394,40.4748220872431],[-111.837708407415,40.4748224125132],[-111.83771195037,40.4748227466668],[-111.837715610106,40.4748229906194],[-111.83771915396,40.4748233254563],[-111.837722696916,40.4748236602932],[-111.837726238973,40.4748239049291],[-111.837729900506,40.4748242383993],[-111.837733443462,40.4748245732362],[-111.837736985519,40.4748248178721],[-111.837740529372,40.474825152709],[-111.837744190007,40.4748254861792],[-111.837747733861,40.4748258223828],[-111.837751276817,40.474826155853],[-111.837755293184,40.4748265767908],[-111.837760251885,40.4748269013775],[-111.83776379484,40.4748272362144],[-111.837767338694,40.4748275703679],[-111.837771354163,40.474827991989],[-111.837776670393,40.474828583762],[-111.83778163089,40.4748289985497],[-111.837785173845,40.4748293333865],[-111.837788716801,40.4748296682234],[-111.837792260655,40.4748300023769],[-111.837796277921,40.474830514199],[-111.837801237519,40.4748309283033],[-111.837805253887,40.4748313499244],[-111.837810096705,40.474831854913],[-111.837814113072,40.4748322765341],[-111.837819429302,40.4748328689904],[-111.837824389799,40.4748333732956],[-111.837827933653,40.4748337081325],[-111.837831477507,40.4748341324869],[-111.837835493874,40.474834554108],[-111.837840810104,40.4748351458809],[-111.837845654719,40.4748357417538],[-111.837849906445,40.4748361613248],[-111.837853451197,40.4748365856792],[-111.837857467565,40.4748370073003],[-111.837862311281,40.4748376024898],[-111.837865856033,40.4748380275276],[-111.837869399887,40.4748384525653],[-111.837873533933,40.4748388728197],[-111.837878378548,40.4748394680092],[-111.8378819233,40.4748398930469],[-111.837885940566,40.4748404041856],[-111.837890784282,40.4748410000584],[-111.837894329034,40.4748414244128],[-111.8378983463,40.4748419362348],[-111.837903190016,40.4748425314243],[-111.83790720818,40.4748430432462],[-111.837912051896,40.4748436384357],[-111.837916069162,40.4748441502577],[-111.837920914675,40.4748448356481],[-111.837924459427,40.4748452600024],[-111.837928476693,40.4748457718244],[-111.837933321307,40.4748464572148],[-111.837936866059,40.4748468822525],[-111.83794041171,40.4748473968078],[-111.837943956462,40.4748478218454],[-111.837947501214,40.4748483364007],[-111.837951046864,40.474848850956],[-111.837954591617,40.4748492759937],[-111.837958609781,40.4748498773332],[-111.837963337614,40.4748505640902],[-111.837966881468,40.4748509884445],[-111.837970427118,40.4748515036831],[-111.837973972769,40.4748520182384],[-111.837977518419,40.474852533477],[-111.83798106407,40.4748530480322],[-111.837984608822,40.4748535625875],[-111.837988154472,40.474854077826],[-111.837991700123,40.4748545923812],[-111.837995719185,40.4748551937207],[-111.83800044612,40.4748558804777],[-111.838003991771,40.4748563950329],[-111.838007537421,40.4748569102714],[-111.838011083071,40.4748574248266],[-111.838014627824,40.4748579393818],[-111.838018646886,40.4748585414046],[-111.838024793159,40.4748594878308],[-111.838030702277,40.4748603454228],[-111.83803554779,40.4748610314963],[-111.838039092542,40.4748615460515],[-111.838042637294,40.4748619710891],[-111.83804665456,40.4748624822276],[-111.838051499174,40.4748630774169],[-111.838055515542,40.4748634990378],[-111.83806035836,40.4748640047096],[-111.838063902214,40.4748644290638],[-111.838067446067,40.4748647639005],[-111.838071580114,40.4748651841547],[-111.838076421135,40.4748655094246],[-111.838080555182,40.4748659303621],[-111.838084923689,40.4748662590488],[-111.838090000967,40.4748665822687],[-111.838094368576,40.4748668207544],[-111.838097909735,40.4748669751892],[-111.838101450894,40.4748671296241],[-111.838105109732,40.4748672833757],[-111.838108650891,40.4748674378105],[-111.838112781345,40.4748675881453],[-111.838117620569,40.4748677330135],[-111.838121513868,40.4748677951974],[-111.838125762001,40.474867854648],[-111.838129536721,40.4748678273144],[-111.838133783956,40.4748678860816],[-111.838137440998,40.4748678601147],[-111.838140979462,40.4748678341478],[-111.838145108119,40.4748678040809],[-111.838150415365,40.4748676756129],[-111.838155368676,40.4748675498783],[-111.838159023921,40.4748674330272],[-111.838162561486,40.4748673175426],[-111.838166217629,40.4748672006915],[-111.838169754297,40.4748669950061],[-111.838173291862,40.4748668788383],[-111.838177182466,40.4748666704195],[-111.838181543786,40.4748663690666],[-111.838185904209,40.4748660670302],[-111.838189676235,40.4748657690939],[-111.838194389695,40.4748653748066],[-111.838200164066,40.4748648828017],[-111.838203934295,40.4748644946645],[-111.838208648654,40.4748641003772],[-111.838213714253,40.4748635229547],[-111.838217953403,40.4748629516823],[-111.838221488274,40.4748625655951],[-111.838225257605,40.4748620879403],[-111.838229969269,40.4748615132512],[-111.838235739148,40.4748606604426],[-111.838239742939,40.4748600912202],[-111.838244453704,40.4748594263302],[-111.838247984982,40.4748588598411],[-111.838251517157,40.4748582940354],[-111.838255048435,40.4748576373455],[-111.83825858061,40.4748570715397],[-111.838262111888,40.4748564155331],[-111.838265524587,40.4748557602098],[-111.838269054967,40.4748551035198],[-111.838272586244,40.4748544475131],[-111.838275998045,40.4748537019888],[-111.838280821998,40.4748526762951],[-111.838284704517,40.4748518371532],[-111.838288587036,40.4748509980113],[-111.838293764027,40.4748498793832],[-111.838298469402,40.4748487641718],[-111.838302351023,40.4748478355123],[-111.838307054601,40.4748466300999],[-111.838310465505,40.4748457943746],[-111.838313876408,40.4748449586493],[-111.838317285514,40.4748440334065],[-111.838320576941,40.4748431081636],[-111.838323989641,40.4748421829207],[-111.838327748192,40.4748410745426],[-111.838332567654,40.4748396880448],[-111.838337034976,40.4748383944814],[-111.838342792278,40.4748365508289],[-111.838347845302,40.4748349825625],[-111.838352427608,40.4748335079137],[-111.838355717239,40.4748324029521],[-111.838359006869,40.4748312986739],[-111.838362647741,40.474830010577],[-111.83836711147,40.4748284470938],[-111.838370399304,40.4748272519312],[-111.838373570357,40.474826057452],[-111.838376858191,40.4748248622893],[-111.838380028345,40.4748236684933],[-111.838383668319,40.4748222908786],[-111.838388481492,40.4748203638581],[-111.838392824846,40.4748186206561],[-111.838395994103,40.4748173366591],[-111.838399163359,40.4748160519786],[-111.838402682958,40.4748144953286],[-111.838407024516,40.4748126619255],[-111.838410075195,40.4748112884106],[-111.838413243553,40.4748099142125],[-111.838416293333,40.4748085406976],[-111.838419458996,40.4748069860974],[-111.838423446618,40.4748050652264],[-111.83842790316,40.4748029612202],[-111.838431538642,40.4748012228011],[-111.838434587524,40.4747997590851],[-111.838437636406,40.4747982960523],[-111.83844056671,40.4747967428186],[-111.838443614694,40.4747951895848],[-111.83844689624,40.4747934538989],[-111.838450998846,40.4747913519423],[-111.838453927354,40.4747897091907],[-111.838456857658,40.4747881566401],[-111.838460138306,40.474786330753],[-111.838463417156,40.4747844153482],[-111.839135444125,40.4744013442298],[-111.839185348234,40.4744583686532],[-111.839457912363,40.4747373768713],[-111.839676921629,40.4745903824437],[-111.839993045066,40.4748620462566],[-111.840047898892,40.4749091242798],[-111.840114163119,40.4748684628207],[-111.840185446234,40.474832900424],[-111.840260927175,40.4748028922027],[-111.840339900767,40.4747786247164],[-111.840421544151,40.4747603733579],[-111.840505153948,40.4747484142019],[-111.840589904605,40.4747427534018],[-111.840675086454,40.4747433950594],[-111.841128823707,40.4747641474514],[-111.841226515494,40.4747651478629],[-111.841324000669,40.4747590333257],[-111.841420219219,40.474745900189],[-111.841514462374,40.4747258447997],[-111.841605674613,40.474699145272],[-111.841693264845,40.4746658952156],[-111.841776296126,40.4746265517771],[-111.841854182756,40.4745813910164],[-111.841925984199,40.4745307778271],[-111.841991351907,40.4744751673043],[-111.842049470211,40.4744151949459],[-111.842099869292,40.4743512249635],[-111.842142205094,40.4742838901242],[-111.842312619097,40.4743458012509],[-111.842408891546,40.4743842879392],[-111.842501104508,40.4744283001302],[-111.842588665096,40.4744776615103],[-111.842670978623,40.474531925161],[-111.842747570781,40.4745909154512],[-111.842817964564,40.4746541854627],[-111.842881919222,40.4747214659467],[-111.842938722392,40.4747922225186],[-111.843206342193,40.4751555812314],[-111.843240865348,40.4752087523621],[-111.843267987283,40.4752644094277],[-111.843287345079,40.4753218349194],[-111.843298815667,40.4753805798818],[-111.843302269689,40.4754398331935],[-111.843297703553,40.4754991452195],[-111.843284987002,40.4755577055269],[-111.843264467684,40.4756148813514],[-111.84324772129,40.4756624809124],[-111.843238537813,40.4757111054371],[-111.843236794183,40.4757603073413],[-111.8432425973,40.4758092734605],[-111.843255822298,40.475857374448],[-111.843276342514,40.4759039809593],[-111.843303915403,40.4759484636513],[-111.843338059469,40.4759901959158],[-111.843378413588,40.4760285497791],[-111.843421133869,40.4760673368505],[-111.843460105481,40.4761083132809],[-111.843495093963,40.4761514811162],[-111.843527661486,40.476199170496],[-111.843555414038,40.4762486071067],[-111.84357811177,40.4762995217143],[-111.843727165632,40.4766713126613],[-111.843734357544,40.4766898183793],[-111.843834101084,40.476666027167],[-111.843866595842,40.476660745089],[-111.843934763599,40.4766496165077],[-111.844036742147,40.4766347282861],[-111.844246785329,40.4766104915281],[-111.844440971449,40.4766012352422],[-111.844558532173,40.4765965025504],[-111.844955136574,40.4766228822122],[-111.845190720656,40.476650438544],[-111.845472381125,40.4766737835528],[-111.84557458515,40.4766769097498],[-111.845712694837,40.4766739174839],[-111.845807252402,40.4766693515277],[-111.845904238113,40.4766608038547],[-111.845991029743,40.4766484575936],[-111.84607529531,40.4766322553432],[-111.846159466553,40.4766179452085],[-111.84624606235,40.4765900144025],[-111.846325039535,40.4765660126913],[-111.846406443968,40.4765380299311],[-111.846492989459,40.4765061351325],[-111.846571868727,40.4764743865501],[-111.846653052174,40.4764288375374],[-111.846726710435,40.4763853254847],[-111.846792776134,40.476347814365],[-111.846876431745,40.4762925176268],[-111.846982820122,40.4762155224994],[-111.847137245011,40.4760934017062],[-111.847370128757,40.4759062010971],[-111.847608231714,40.4757306733168],[-111.847861588066,40.4755393573467],[-111.847974969827,40.4754464547027],[-111.848049185941,40.4753911360388],[-111.848145223032,40.4753355672286],[-111.848228995423,40.4752897277089],[-111.848331494096,40.4752507775543],[-111.848471594449,40.4752187584603],[-111.848671031222,40.4751958530146],[-111.849550531292,40.475141734768],[-111.849678338201,40.4751264710598],[-111.849780925807,40.4750947259249],[-111.849867943812,40.4750630955759],[-111.849951656915,40.475022030357],[-111.850035366424,40.4749713245658],[-111.850118748049,40.474903955498],[-111.850158454483,40.4748345650415],[-111.850182649707,40.4747699736182],[-111.850200085108,40.4746745312937],[-111.850202277896,40.4745958669541],[-111.850182591316,40.4745221389971],[-111.85015974626,40.474441226959],[-111.850140058783,40.4743674988323],[-111.850117153539,40.4742818120688],[-111.850100591301,40.4742032866718],[-111.850108918683,40.4741245773626],[-111.850126742157,40.4740505734986],[-111.85016608657,40.4739525375238],[-111.850205732816,40.473878372883],[-111.850260978308,40.4738064358844],[-111.850338105862,40.4737391121157],[-111.850415592741,40.4736908852406],[-111.850486830042,40.4736522532841],[-111.850567533789,40.4736158941371],[-111.85064817645,40.4735747603811],[-111.850713400428,40.4735457219597],[-111.850803391856,40.4735068616795],[-111.850871562308,40.4734682521678],[-111.850936665014,40.4734296651847],[-111.851007690311,40.4733742778904],[-111.851078713813,40.4733094315373],[-111.851130891558,40.47323751648],[-111.851154726557,40.4731539186654],[-111.851169332265,40.4730680465297],[-111.851162146641,40.472994135805],[-111.851135966141,40.4729013567443],[-111.851109933862,40.4728110089542],[-111.851071190422,40.4727135479272],[-111.851013214052,40.4725783903918],[-111.850942703489,40.4724408934265],[-111.850906213922,40.4723537752867],[-111.850882665485,40.4722638600143],[-111.850874439612,40.472172930504],[-111.85087345416,40.4720948304294],[-111.850870658603,40.4720416083136],[-111.850878884476,40.4720017282593],[-111.850889127965,40.4719534550339],[-111.850903861234,40.4719150592074],[-111.850918594503,40.4718767528804],[-111.850935612188,40.4718417629307],[-111.850954773253,40.4718083788854],[-111.85098254467,40.4717749319533],[-111.851010475987,40.4717448164427],[-111.851040627041,40.4717129733536],[-111.851079347125,40.4716778234095],[-111.85111154544,40.4716492987475],[-111.851146103629,40.4716208458276],[-111.85118270818,40.4715956218352],[-111.85121943041,40.4715703964666],[-111.851258297818,40.4715468672227],[-111.851299287944,40.4715233229362],[-111.851351206076,40.4714963638195],[-111.851403228413,40.4714776926602],[-111.851459497085,40.4714589900603],[-111.851515862776,40.4714385749175],[-111.851574414068,40.4714231887267],[-111.851635229114,40.4714094979866],[-111.851687280197,40.4714024476029],[-111.851754707742,40.4713986172836],[-111.8518113043,40.4713965787746],[-111.851876574092,40.4713993409782],[-111.85194645314,40.4714121590501],[-111.852031492156,40.4714298201993],[-111.852133989032,40.4714473528693],[-111.852245277719,40.4714697750811],[-111.852389322575,40.471498622372],[-111.852513130184,40.4715128440758],[-111.852620429453,40.471518358906],[-111.852715382277,40.4715176584474],[-111.852822362644,40.471497950615],[-111.852953993681,40.4714686010433],[-111.853102097125,40.4714266076527],[-111.853283031298,40.4713779752417],[-111.853422916056,40.4713485641137],[-111.853616433829,40.4713156944056],[-111.853773073964,40.4713050774706],[-111.853896846538,40.4713073162117],[-111.854043988785,40.4713198329323],[-111.854373546527,40.4713543338567],[-111.85571762472,40.4715768201791],[-111.85583090587,40.4715795851088],[-111.855848599088,40.471579453901],[-111.855874537942,40.4715783611866],[-111.855915798461,40.4715762536623],[-111.855942893447,40.4715733500077],[-111.855978234069,40.4715694848461],[-111.856032400684,40.4715618768462],[-111.856053586551,40.4715581162401],[-111.856118289506,40.4715441234762],[-111.856181790515,40.4715283382192],[-111.856229945604,40.4715117650278],[-111.856295690605,40.471486954436],[-111.856321491118,40.4714750514171],[-111.856343776524,40.4714649764236],[-111.856401207617,40.47143572251],[-111.856417594684,40.4714256912466],[-111.856451584239,40.471408322581],[-111.85649717374,40.4713755526749],[-111.856545053945,40.471337360164],[-111.856563743394,40.471322807669],[-111.856582397809,40.4713055524173],[-111.856620830432,40.4712665295637],[-111.856658071889,40.4712266141968],[-111.856666202541,40.4712166437228],[-111.856699813905,40.4711695487597],[-111.856731054616,40.4711215694722],[-111.856749445825,40.4710835961813],[-111.856766657546,40.4710456310696],[-111.856781511189,40.4710076837042],[-111.856787156202,40.4709878219616],[-111.856791634304,40.4709688704751],[-111.856807140124,40.4708894767274],[-111.856799285255,40.470642691128],[-111.856804254735,40.4705696818506],[-111.85682104335,40.4704983871059],[-111.856850828789,40.4704287980151],[-111.857221744069,40.4697269562612],[-111.857271431684,40.4696455074485],[-111.857336555948,40.4695720521975],[-111.857417128541,40.4695074912486],[-111.857510812046,40.4694536438257],[-111.857614092252,40.4694123373545],[-111.857724621863,40.4693844903424],[-111.857840040106,40.4693701205744],[-111.857981562492,40.469358439284],[-111.858088247314,40.4693436833915],[-111.858207344157,40.4693124391861],[-111.858319245496,40.4692812482711],[-111.858403831761,40.4693189977437],[-111.858579426348,40.4693799450759],[-111.860436547671,40.4703276555454],[-111.862908463398,40.4692595094093],[-111.862982865463,40.4692570621638],[-111.863229918336,40.4693894497466],[-111.863262018734,40.4694090297195],[-111.863479654476,40.4695470420213],[-111.863531991223,40.4695808850648],[-111.863597417322,40.4696236388598],[-111.863664022908,40.4696663837434],[-111.863717539143,40.4697002178426],[-111.863889432671,40.4697665000708],[-111.864001831676,40.4697926862825],[-111.864251952296,40.4699800037107],[-111.864919702386,40.4700786106479],[-111.865500436267,40.4702904772678],[-111.865761722047,40.4704281583665],[-111.865963895089,40.4706473620516],[-111.866097367672,40.4708445581037],[-111.866295113815,40.4710863160283],[-111.866415092805,40.4712430726512],[-111.866756689768,40.4716630290743],[-111.866960097993,40.4719777160242],[-111.867139946102,40.4721115005152],[-111.867347699478,40.4722135437096],[-111.867655424565,40.4722923140285],[-111.868022371088,40.4723895576734],[-111.868301119219,40.4725081829619],[-111.868354674979,40.4725447176497],[-111.868455678855,40.4726016151776],[-111.868562302591,40.4726368500586],[-111.868617471726,40.4727985956992],[-111.868734524004,40.4731850982146],[-111.869035624914,40.4736648105687],[-111.869145793402,40.4739747894285],[-111.869133585297,40.4740343398707],[-111.869132281842,40.474299211425],[-111.869091624092,40.4743481649428],[-111.869111884695,40.4745471097365],[-111.869126485912,40.4746731242923],[-111.869132017737,40.4747361448067],[-111.869150872477,40.4748260923023],[-111.869222752072,40.4749111360319],[-111.869217783491,40.4749832447318],[-111.869284170787,40.4750998612086],[-111.869462388454,40.4751976180735],[-111.869469099768,40.4752606298956],[-111.869766149276,40.4754250595038],[-111.869885679108,40.4755457799962],[-111.870069912793,40.4756525001637],[-111.870260742807,40.475813223111],[-111.870310153741,40.4758939312302],[-111.870343996871,40.4759567387667],[-111.870388905448,40.4761455874199],[-111.870448642517,40.4762036954845],[-111.870539947282,40.4765138143212],[-111.870572712434,40.4766757276032],[-111.870597235543,40.4767476143786],[-111.870669118732,40.476832657041],[-111.870781589602,40.4768633408418],[-111.870841560232,40.4769394646779],[-111.870918411104,40.4769523992231],[-111.870978711416,40.4769627556039],[-111.871024867754,40.4769741191949],[-111.871083814304,40.4769709718289],[-111.871122718543,40.4769688767736],[-111.871396042646,40.4769397899378],[-111.871448950721,40.4769258775604],[-111.871490063019,40.4769120540116],[-111.871566447666,40.4768889564475],[-111.871666413089,40.47686477923],[-111.871701521945,40.476842893176],[-111.871765993135,40.4768108755245],[-111.871971040785,40.4767021229502],[-111.872029601958,40.4766692490294],[-111.872222770287,40.4765542793535],[-111.872280946981,40.4764916787397],[-111.87233327205,40.4764327263356],[-111.872398081006,40.4764268319807],[-111.872463052557,40.4764335483746],[-111.872562177157,40.4763445132214],[-111.872618892293,40.4763512918062],[-111.872651581986,40.4764159090412],[-111.872680189735,40.4768030754221],[-111.872762996438,40.4768204679752],[-111.872853463973,40.4768828468869],[-111.872893921399,40.4769095680958],[-111.873178898448,40.4770515576092],[-111.873214287578,40.4770512904318],[-111.873249710845,40.4770537250936],[-111.873363048589,40.4770600758497],[-111.873435718703,40.4770234916865],[-111.873633253742,40.476972449164],[-111.873719845047,40.4769177412782],[-111.873749732895,40.4768571561137],[-111.873761144194,40.4768273401268],[-111.874265857247,40.476628931664],[-111.874328341363,40.4765347663798],[-111.874380175053,40.4765289690656],[-111.874456814821,40.4765256863808],[-111.87488054026,40.4763594185905],[-111.875172401997,40.4761229774878],[-111.875213267258,40.4760902365323],[-111.875235212202,40.4760540345043],[-111.875329075369,40.4759235959325],[-111.875351183807,40.4759000053476],[-111.875385987236,40.4758546971607],[-111.875467272192,40.4757549835088],[-111.875497380127,40.4757115127027],[-111.875514021418,40.4756303068983],[-111.875524041227,40.4755842851299],[-111.87563062364,40.4755249198791],[-111.875679722859,40.4754903144973],[-111.875706314788,40.4754486721223],[-111.875823501813,40.4753883254827],[-111.87587477226,40.475339288673],[-111.875944728563,40.4752756960892],[-111.875931925773,40.475198317127],[-111.876001998857,40.4751437321631],[-111.876138187945,40.4750931515146],[-111.876279446227,40.4750695579045],[-111.876468343965,40.475080737998],[-111.876515305193,40.4750632650438],[-111.876583780174,40.4750672502718],[-111.876698200389,40.4750663824324],[-111.87694008705,40.4750699528739],[-111.877208306926,40.4750120618132],[-111.877363602282,40.4749793524329],[-111.877416519341,40.4749663382403],[-111.877469026768,40.4749217961304],[-111.877515729281,40.4748845049118],[-111.877696512537,40.4747254764786],[-111.877760638773,40.4746673322842],[-111.877813123742,40.4746209886848],[-111.877848100546,40.4745891913769],[-111.877889032282,40.4745618542356],[-111.878029408418,40.4744706989168],[-111.878181521044,40.4743749500283],[-111.878369256362,40.4742969475],[-111.878451356989,40.4742602880297],[-111.87856866888,40.4742098474852],[-111.878709219289,40.4741322035225],[-111.878868403453,40.4741264886861],[-111.878968431758,40.474107710289],[-111.879103730616,40.4740796540694],[-111.87920959797,40.4740563266091],[-111.879268636149,40.4740603822817],[-111.879380812372,40.4740685373606],[-111.879509327153,40.4740630548571],[-111.879675588244,40.4740572853469],[-111.87974264748,40.4740432616697],[-111.879892398435,40.4739475285721],[-111.880015782039,40.4739105532034],[-111.880068686521,40.473896637465],[-111.88008608599,40.4738739823577],[-111.880155743154,40.4737878671867],[-111.880225752457,40.4737287764215],[-111.880284083662,40.4736787830734],[-111.880301377129,40.4736480212819],[-111.880341768079,40.473579245912],[-111.880522775914,40.4734382296696],[-111.880592902897,40.4733881459022],[-111.880652354301,40.4733336401026],[-111.880662616654,40.4733065347912],[-111.880702547667,40.4732026283763],[-111.880725786185,40.4731754246084],[-111.880766540953,40.4731345741761],[-111.880813252449,40.4730981826309],[-111.880960461172,40.4730790424498],[-111.881030468678,40.4730199510609],[-111.88116470483,40.4729108212818],[-111.881541748416,40.4728764147774],[-111.881777423227,40.4728565993728],[-111.881954120047,40.4728372329303],[-111.882059749348,40.4727958868553],[-111.882130227572,40.4727728268267],[-111.882170804473,40.4727184640337],[-111.882399931464,40.4726491478552],[-111.882487678003,40.4725935241568],[-111.882615199247,40.4725123713007],[-111.882766533932,40.4722679752481],[-111.882849383754,40.4721267136562],[-111.882899231269,40.4720417388371],[-111.882980147018,40.4719149963373],[-111.883020663732,40.471856128753],[-111.883159611547,40.4716568718855],[-111.88329395909,40.4715567474423],[-111.883484769341,40.4714444792776],[-111.883550503562,40.471329563526],[-111.883674057846,40.4713060970682],[-111.883785580993,40.4712647042643],[-111.88398002493,40.4712497041416],[-111.884349508295,40.4711793108106],[-111.884585114834,40.4710648962053],[-111.884790997917,40.4710227802373],[-111.884884295146,40.4709409858391],[-111.885099903391,40.4707411392309],[-111.88536286902,40.4705544430717],[-111.885631362883,40.4703397760846],[-111.886015698094,40.4699638620397],[-111.88616826347,40.4699041344064],[-111.886238322181,40.4698495437719],[-111.886400609125,40.469632085603],[-111.886540015979,40.469468856202],[-111.886625220285,40.4692204580309],[-111.886600742092,40.4691530790928],[-111.886670681327,40.4690894806503],[-111.886658704089,40.4689859702327],[-111.886715787534,40.4689314786283],[-111.886719255929,40.4687467695563],[-111.886806591039,40.4686605152296],[-111.886840962379,40.4684935869296],[-111.886914255923,40.4683263595659],[-111.886948337106,40.4682270003576],[-111.887023046395,40.468077780166],[-111.887123004632,40.4680544902585],[-111.88716982752,40.4680271046683],[-111.887380945984,40.4679353944335],[-111.88748054759,40.4678850810364],[-111.887579972227,40.4678212551837],[-111.887774227517,40.4677927364012],[-111.888049620441,40.4676554872841],[-111.888248763465,40.4675503549637],[-111.888499496735,40.4673322141343],[-111.888709720478,40.4671729422871],[-111.888796049475,40.4671002073892],[-111.888989580723,40.4669275495105],[-111.889124801428,40.4668949783438],[-111.889375598479,40.4667714286485],[-111.889704941523,40.4666112383163],[-111.889998611569,40.466518887829],[-111.890299308238,40.4665120679296],[-111.890575762072,40.4664558848895],[-111.890769952683,40.4664228569655],[-111.891022507737,40.4663434339235],[-111.891063620933,40.466330504169],[-111.891127001568,40.4662174044197],[-111.891160777324,40.4660955237795],[-111.891300403367,40.4659503051242],[-111.891334952573,40.4658869763379],[-111.89134579434,40.4658148216482],[-111.89132488695,40.4655717421202],[-111.891375877122,40.4654136928665],[-111.891392377377,40.4653234771576],[-111.891422618263,40.4652376592521],[-111.891516288293,40.4649711738909],[-111.891575602254,40.4648182859482],[-111.891587101588,40.4647869364377],[-111.891603517402,40.4647439273732],[-111.891700365671,40.4645840828125],[-111.891744285203,40.4644801417146],[-111.891758234243,40.4644467909159],[-111.891918365231,40.4643451063483],[-111.891979305143,40.4643063480452],[-111.892185496348,40.4642002536542],[-111.892390460455,40.4640905641497],[-111.892666067178,40.4639713205049],[-111.892900860742,40.4638875259398],[-111.893059373863,40.4638331484361],[-111.893222855567,40.4637976512743],[-111.893394604466,40.463762991324],[-111.893623988376,40.4637161734004],[-111.893952798719,40.4636956144288],[-111.894205366349,40.4637071723156],[-111.894501213014,40.4636913701804],[-111.894777368607,40.4637027455857],[-111.89506195938,40.4637275693051],[-111.895362348825,40.4637874035824],[-111.895805691672,40.4637758607454],[-111.895852866699,40.4637754950981],[-111.89618778918,40.4637710970778],[-111.896282387169,40.4637712645238],[-111.896309867532,40.4637710512864],[-111.896523572246,40.4637693952796],[-111.89683121918,40.4637273676863],[-111.897219936373,40.463688315825],[-111.89742019241,40.4636687430692],[-111.897627092386,40.4636166864003],[-111.897956300683,40.463537553926],[-111.898326032881,40.4635166627403],[-111.898614263628,40.4635225302069],[-111.898898566941,40.4635257253616],[-111.899694295518,40.4635195339375],[-111.900006007328,40.4635171972026],[-111.900210166544,40.4635515531422],[-111.900306844133,40.4635219711402],[-111.900403589995,40.4635239203555],[-111.900491862946,40.463509719514],[-111.900527184703,40.4635049394245],[-111.900654593658,40.4635066494309],[-111.900695836211,40.4635036271894],[-111.900839431011,40.4634808851944],[-111.900892190864,40.4634570510286],[-111.901044823614,40.4633162233522],[-111.901159656155,40.4631711852722],[-111.90138511802,40.4628315933746],[-111.901481751592,40.46256057256],[-111.901655090509,40.4622925572283],[-111.901828753718,40.4620488628158],[-111.902013534477,40.4617546315018],[-111.902186339795,40.4614469802022],[-111.902794366292,40.4606989975816],[-111.903065824594,40.4601842704037],[-111.903146917312,40.4600746290205],[-111.903268936375,40.459938541789],[-111.903470731225,40.4595946261603],[-111.903788703395,40.4591191726668],[-111.904108455127,40.4586887492188],[-111.904418377493,40.4581412856394],[-111.904783869643,40.4576924844152],[-111.905291821122,40.4568741015643],[-111.905759975438,40.4561668378974],[-111.905991832409,40.4558677270503],[-111.906806789425,40.4546406283551],[-111.90687572614,40.4545049539158],[-111.906974143765,40.4543690481631],[-111.907088492115,40.4541023877602],[-111.907233046315,40.4538895438624],[-111.90734854361,40.4537084593341],[-111.907552238397,40.4535086639854],[-111.907721950815,40.4534127375629],[-111.908186280104,40.4533009831833],[-111.908581130096,40.4532843672149],[-111.909175593828,40.453203117203],[-111.909629280776,40.4531770250071],[-111.909900131817,40.4531478670294],[-111.910128045185,40.4530830100336],[-111.910388343716,40.453058438033],[-111.910458578497,40.4530458126408],[-111.910676577158,40.4530066185412],[-111.911163995845,40.4528586345995],[-111.911387738335,40.4528343482468],[-111.911622480695,40.4527514168041],[-111.911787323346,40.4527320992494],[-111.912129166448,40.4527203931915],[-111.913017258904,40.4525512214572],[-111.913364813494,40.4525259533905],[-111.913606810648,40.4524564741901],[-111.913880895625,40.4524139473499],[-111.914865787841,40.4522438157948],[-111.914871560415,40.4522172836906],[-111.914914617565,40.4520182064443],[-111.915133283675,40.4516200829943],[-111.915442735324,40.4509599818789],[-111.91571225596,40.4503992941845],[-111.91575132459,40.4502368246831],[-111.915990724715,40.4497510585537],[-111.916061192159,40.4496082491093],[-111.916276969287,40.4489984373559],[-111.916566058824,40.4485772304144],[-111.916782905845,40.4482202892095],[-111.916802513373,40.4481879721628],[-111.916811330337,40.4481598846074],[-111.91689180681,40.4479034824946],[-111.917179618044,40.447302106191],[-111.917188714385,40.4471038381494],[-111.917279428957,40.4468373546875],[-111.917341890615,40.4466611848925],[-111.917442739981,40.4466198445804],[-111.917664007612,40.4460685438762],[-111.91769261536,40.4460217409672],[-111.917808205181,40.4458331672031],[-111.917839641724,40.4456302166962],[-111.91797083618,40.4452192692514],[-111.918414227536,40.4444409795877],[-111.918460040717,40.4443415173695],[-111.918638622203,40.4440337952231],[-111.918650143994,40.4440139740442],[-111.918657288296,40.4440017550943],[-111.918690513385,40.4439477976671],[-111.918904892734,40.4436713216603],[-111.919126628387,40.4431992032018],[-111.921682833037,40.4411567958988],[-111.930066532005,40.4344049309954],[-111.930344905538,40.4340808017906],[-111.930795633435,40.4337645636456],[-111.931164982951,40.433617446053],[-111.931365074596,40.4335077271346],[-111.931760724986,40.4332162522259],[-111.931846796167,40.4331654690651],[-111.932240192684,40.4329331098032],[-111.932860245826,40.4325857683961],[-111.932983151526,40.4325217141345],[-111.93328349875,40.4324156871647],[-111.933556229965,40.4321882614789],[-111.934036986746,40.431914109816],[-111.934520902003,40.4316129039626],[-111.935152593717,40.4312564470531],[-111.935368926004,40.4311285718422],[-111.93556887841,40.4310098379278],[-111.9356378286,40.430966036615],[-111.936157872301,40.4306357032175],[-111.936895533778,40.4303558553843],[-111.937026544977,40.4302818210818],[-111.937357006424,40.4299683337645],[-111.937659585961,40.4298036287754],[-111.937684625601,40.4297900027202],[-111.937931595829,40.4296618737663],[-111.938342980212,40.4294967351803],[-111.938527158201,40.4294228079728],[-111.939036028657,40.429053813494],[-111.939587905059,40.4288105927692],[-111.93990737472,40.4285557450069],[-111.940265063205,40.4283366221233],[-111.940701648924,40.4280267663784],[-111.940783471074,40.4279765516536],[-111.941175463524,40.4277661551528],[-111.941737176478,40.4274687902141],[-111.941836677472,40.4274184301023],[-111.942041448441,40.4273086545697],[-111.942234430819,40.4271989745934],[-111.942480015844,40.4270573337638],[-111.943071877158,40.4268092656774],[-111.944229606133,40.4261412619485],[-111.944515883044,40.425959645858],[-111.944615254681,40.4259002757318],[-111.945071294316,40.4256352892582],[-111.945128634679,40.4256050908356],[-111.945328761358,40.4254169692654],[-111.945705676485,40.4250580333952],[-111.945787364786,40.4249988074488],[-111.94602653584,40.4248211757984],[-111.946465501197,40.4246004672055],[-111.947035471465,40.4244750801883],[-111.947752192314,40.4243070457364],[-111.948239829292,40.4242203445629],[-111.948469479102,40.4241795423227],[-111.948826507325,40.4240009381148],[-111.949319334768,40.4238392356988],[-111.949595030424,40.4236612973518],[-111.949797774794,40.4234929661222],[-111.950120006774,40.4233551840562],[-111.950660759338,40.4233327211677],[-111.951214730611,40.4233281638955],[-111.951291279649,40.4233230301254],[-111.951450196115,40.4233073080799],[-111.951485517872,40.4233043141206],[-111.951761439004,40.423310150905],[-111.951904183998,40.4233179845733],[-111.952193210652,40.4233336225009],[-111.952435239248,40.423276674358],[-111.952570353053,40.4232449307088],[-111.953038639421,40.423015847773],[-111.953331085962,40.4227728979097],[-111.953486324724,40.4224968449959],[-111.953620007513,40.4222804282989],[-111.953827612667,40.4220399787712],[-111.954034368913,40.4218229587903],[-111.954397219117,40.4215578037482],[-111.95469612724,40.4214391199578],[-111.955060418342,40.4213595356926],[-111.955629376209,40.4213323116166],[-111.95584674066,40.4213656496189],[-111.956344039916,40.421439013272],[-111.956659285699,40.4216418090732],[-111.956915487014,40.4218369844775],[-111.957058467367,40.4219448096285],[-111.957235169576,40.4220199226931],[-111.957297509962,40.4220103969599],[-111.957358633131,40.4219981794821],[-111.957719624721,40.4217690649454],[-111.95792685887,40.4214205039599],[-111.958105392745,40.4211262335937],[-111.958225939469,40.4208991103078],[-111.95830443875,40.4206993617383],[-111.958359355459,40.4204160257353],[-111.958361047885,40.4203691653022],[-111.958368677276,40.4201591936412],[-111.958429396203,40.4198695033044],[-111.958502450795,40.4196184487808],[-111.958693494608,40.4192925426494],[-111.958994449093,40.4190702285669],[-111.959310171881,40.4188919342825],[-111.95952564987,40.4187099676057],[-111.959806012274,40.4185319657654],[-111.960052835178,40.4183992864832],[-111.960415450922,40.4183692475838],[-111.960780142673,40.4184022533042],[-111.96108065339,40.4184808363987],[-111.961407093978,40.4185592026011],[-111.961638814405,40.4186906074407],[-111.961829504282,40.4188376687781],[-111.962030429563,40.4189585189938],[-111.962516058806,40.4190409627831],[-111.962865240245,40.419060577261],[-111.963246973037,40.4190483886555],[-111.96377223595,40.4190169842812],[-111.963843700524,40.4190276491452],[-111.964230554611,40.4190852341836],[-111.964509857901,40.4191639847214],[-111.964852644234,40.419313375773],[-111.965168658974,40.4194864117749],[-111.965678608306,40.4197028730233],[-111.966033668321,40.4198035090167],[-111.966134170936,40.419825191386],[-111.966494687318,40.4198951509006],[-111.966884609152,40.4198783769005],[-111.967054262281,40.419872453647],[-111.967420302404,40.4198342564799],[-111.967673119766,40.4197916002611],[-111.967984686049,40.4197358391071],[-111.968343371664,40.4195958991567],[-111.968854539111,40.4193213487394],[-111.969127277513,40.4191064517273],[-111.969388579463,40.4188339927615],[-111.969490496925,40.4187079138199],[-111.969648311158,40.4186165007973],[-111.969995228842,40.4184784563791],[-111.970429811319,40.4183712063158],[-111.970964052893,40.418309063738],[-111.971597420864,40.4180911316856],[-111.972167090196,40.4178701281271],[-111.97255204794,40.4176731978972],[-111.97302659826,40.4174773141783],[-111.973672968446,40.417262864719],[-111.974337548382,40.417167176557],[-111.974836796982,40.417131436573],[-111.975643840739,40.4171066106882],[-111.97616835805,40.417106687972],[-111.976592627867,40.4171841851361],[-111.977035560184,40.4172480098435],[-111.977596874286,40.417265787135],[-111.977885617971,40.417263345519],[-111.978175201581,40.4172374719078],[-111.978403909059,40.4171589605412],[-111.978669398955,40.4170972545574],[-111.978770895107,40.4168621628787],[-111.978801874408,40.4166411819566],[-111.978841236787,40.4163480581627],[-111.978907598032,40.416128578847],[-111.979215859414,40.4158466906463],[-111.979579894496,40.4157535173747],[-111.97980879062,40.4156885155531],[-111.980172040575,40.415541293445],[-111.980459273294,40.4154352547531],[-111.980804514722,40.4152656608933],[-111.981044932638,40.4151014602203],[-111.981201728181,40.4149415721332],[-111.981375493798,40.4147328919325],[-111.981555478452,40.4145466803342],[-111.981690089201,40.4144013940565],[-111.981786595212,40.4143104854139],[-111.981973203144,40.4141746673338],[-111.982147161899,40.4142227385816],[-111.98238781158,40.4144801521286],[-111.982581284438,40.4147352625093],[-111.982690876208,40.4148957714294],[-111.982822148817,40.4150881676891],[-111.982998551887,40.4154659440256],[-111.983197530519,40.4157750608412],[-111.98354264798,40.4160829335212],[-111.98387455302,40.4162927202468],[-111.984125453377,40.4164437372306],[-111.984163943492,40.4165776425575],[-111.984197066173,40.4167476297907],[-111.984341447897,40.417030181731],[-111.984473923351,40.4172236470199],[-111.984661722449,40.4173310555315],[-111.985068323303,40.4176510128356],[-111.985416210269,40.4179858828349],[-111.985740993465,40.4181912209049],[-111.986216358558,40.4183763541422],[-111.986651984877,40.4184230873875],[-111.987019308691,40.4184740054686],[-111.987609381459,40.4185230201807],[-111.988164756798,40.4186173727854],[-111.988778073474,40.4186436596328],[-111.989126925231,40.4187208554734],[-111.989517053677,40.418799497696],[-111.989677137054,40.4188647940127],[-111.990151273251,40.4190454170756],[-111.990690959514,40.4192750257776],[-111.991143102258,40.4195630396932],[-111.991324307722,40.4197822048374],[-111.991471907212,40.4198800374084],[-111.991815311585,40.4199870005647],[-111.99214021785,40.420038266934],[-111.992258275343,40.4200507665336],[-111.992376849368,40.4201785766361],[-111.992464540211,40.4203706151585],[-111.992466431164,40.4204270849842],[-111.992487897306,40.4210776153812],[-111.992475394554,40.4214299716463],[-111.992515242024,40.4217350323203],[-111.992552002882,40.4222311085804],[-111.992555048171,40.4224382876742],[-111.992526772799,40.42292050836],[-111.992513528038,40.4232224205968],[-111.992521209532,40.4233439755223],[-111.992541139555,40.4234969557772],[-111.99254994574,40.4236950766578],[-111.992552130442,40.4238437054024],[-111.992584245214,40.4240236079889],[-111.992680008318,40.4242029643776],[-111.992787876221,40.4243236586103],[-111.993106805096,40.4244479449064],[-111.993596959153,40.4245122010721],[-111.994217866592,40.4245699257085],[-111.994836019797,40.4246006429552],[-111.995414878895,40.4246046694725],[-111.995566635787,40.4245835432474],[-111.995719570371,40.4245624060741],[-111.99617262221,40.4244287744522],[-111.996584778246,40.4243198180846],[-111.996960101558,40.4241913579811],[-111.997230249218,40.424125064301],[-111.997416876914,40.424150481183],[-111.997636179929,40.4242332728465],[-111.997998134513,40.4243968138813],[-111.99817613928,40.4243970785326],[-111.998329985654,40.4243579128621],[-111.99837813715,40.4243457853955],[-111.998588371672,40.424293519778],[-111.998824616914,40.4242464343222],[-111.998946317974,40.4241859240641],[-111.999104717908,40.4241359068416],[-111.999256764956,40.42413459247],[-111.999415424503,40.4241818694837],[-111.999563957342,40.4242616651404],[-111.999784597949,40.4244345304444],[-111.99988920856,40.4245732642728],[-112.000064474364,40.4247068819305],[-112.000191216769,40.4248274056644],[-112.000352403277,40.4249656497314],[-112.000460219077,40.4250818326276],[-112.000585835894,40.4252059691283],[-112.00069176613,40.4252744206406],[-112.000784180315,40.4253853312543],[-112.000872283485,40.425444027566],[-112.00098168032,40.4255872234292],[-112.001112681638,40.4257563570326],[-112.001244540847,40.4259038624633],[-112.001307325899,40.4260834969466],[-112.001563574825,40.4263515445454],[-112.001592961413,40.4263935421762],[-112.001757488756,40.4266291407742],[-112.001946773668,40.4267536252239],[-112.002373728549,40.4269264991678],[-112.002699477434,40.427031781215],[-112.00303844952,40.4270747856972],[-112.003343467983,40.427054121147],[-112.0035842587,40.4270745531962],[-112.003650146533,40.4270658733884],[-112.00370901493,40.4270608575216],[-112.003960856722,40.4270316444496],[-112.004347364957,40.426941801181],[-112.004691586798,40.4268622343672],[-112.005218852056,40.4266459418119],[-112.005494639339,40.426562463132],[-112.00570670912,40.426475033165],[-112.005940733726,40.4264369614692],[-112.006145759817,40.4264306729426],[-112.006356493803,40.4264909999658],[-112.0064821205,40.4265358518235],[-112.006608490105,40.4267095243568],[-112.006608029269,40.4269158328208],[-112.006611789617,40.4271680492827],[-112.006556748941,40.4274297870305],[-112.006542022858,40.4276281117307],[-112.006526960806,40.4278039163262],[-112.006535593616,40.4279876233359],[-112.006574930842,40.428253944237],[-112.006654465881,40.4285280239772],[-112.006741974366,40.4288623933061],[-112.006856937163,40.4290613893823],[-112.007026579513,40.429290539939],[-112.007322066851,40.4294996748436],[-112.007541829803,40.4296112725474],[-112.007755820182,40.4297310271083],[-112.007883054864,40.4298830697096],[-112.007962686921,40.4300841750106],[-112.007996629764,40.4303045968783],[-112.008057549913,40.430515775217],[-112.008148312096,40.430672639497],[-112.008339288536,40.4309088091111],[-112.008500723877,40.4310614528324],[-112.00865618632,40.4312087435442],[-112.008754762948,40.4314150881228],[-112.008872536573,40.4318014437693],[-112.008940035984,40.4319792306638],[-112.009004072389,40.432240830711],[-112.009070568381,40.4324303383457],[-112.009081411945,40.432682493101],[-112.009020449575,40.4328632035071],[-112.008851837592,40.4330196281201],[-112.008646789942,40.4331835771945],[-112.008248953052,40.4333852435669],[-112.008071785515,40.4334426440063],[-112.007895554921,40.4334838201145],[-112.007625165614,40.4335357264536],[-112.007290972565,40.4335782775465],[-112.007114552427,40.4336068416217],[-112.006926679666,40.4336580271834],[-112.00682166122,40.4337310129859],[-112.006754045028,40.4338613304154],[-112.006662882197,40.4340729324531],[-112.00662072965,40.4344877093524],[-112.006618076925,40.4347841249823],[-112.006612351962,40.4348746244277],[-112.006599977669,40.4350725675233],[-112.006609145875,40.4352130263729],[-112.006806901001,40.4352707630211],[-112.006996135608,40.4353105554824],[-112.00710748538,40.4353456212104],[-112.007368481903,40.4353748785329],[-112.007534570518,40.4354437005392],[-112.007793438931,40.4354882900234],[-112.0080540375,40.4355698007604],[-112.008233606234,40.4356727377271],[-112.008451000329,40.4357032734984],[-112.008622661194,40.4357504240934],[-112.008783605157,40.4357904603652],[-112.008991219293,40.4357976573876],[-112.009190527607,40.4358013229048],[-112.009280174981,40.435804144006],[-112.009468725071,40.4357979931028],[-112.009722469494,40.4358939740678],[-112.009828466206,40.4359651188774],[-112.009955151119,40.4360793266071],[-112.010110506663,40.4362185075072],[-112.010243868753,40.4363849074811],[-112.010454674604,40.4366839621445],[-112.010481454281,40.4368188616608],[-112.010506515481,40.4369177408514],[-112.010542779571,40.4370561603977],[-112.010600458599,40.4371286283511],[-112.010645237819,40.4372057134099],[-112.010715195918,40.4372321283702],[-112.010763449822,40.4372263009987],[-112.010875214616,40.4372100085595],[-112.011016765749,40.437135798565],[-112.011168995155,40.4370659998807],[-112.011292049078,40.4370162752991],[-112.011503031897,40.4369333489516],[-112.011702509992,40.4368694424141],[-112.012109104558,40.4367793975976],[-112.012312495715,40.4367406801424],[-112.012483189093,40.4367229695332],[-112.012877368942,40.4366699669025],[-112.013125653405,40.4365587836296],[-112.013188568712,40.436508683305],[-112.013363844397,40.4364035446354],[-112.013551735124,40.4362748717241],[-112.013708513599,40.4361158414511],[-112.013888058078,40.4359025576969],[-112.014013657826,40.4357086661443],[-112.014275042421,40.4354496190028],[-112.014444350598,40.4353400268315],[-112.014526126034,40.4352897601329],[-112.014890214117,40.4351964749907],[-112.015013383923,40.4351548541301],[-112.015324463319,40.4351431128746],[-112.015463973479,40.4351689139594],[-112.015790175115,40.4351435258562],[-112.015890187251,40.4351300348968],[-112.016008748699,40.4350956596386],[-112.016159775261,40.4350249638134],[-112.01621939465,40.4349911067808],[-112.016364799555,40.4350168552755],[-112.016519378055,40.4351037832094],[-112.016709540621,40.4352048125611],[-112.016875923883,40.4353709141972],[-112.017120952852,40.4355138017536],[-112.017248272874,40.435669435952],[-112.01739617779,40.4358609249661],[-112.017424392077,40.4359336485576],[-112.017570627025,40.4360143423746],[-112.017771984396,40.4360756323882],[-112.01792564392,40.4361013059406],[-112.018103233666,40.4361501915734],[-112.018322872651,40.4362509581668],[-112.018554450246,40.4363615293249],[-112.018762740815,40.436569600919],[-112.018943062336,40.4367211631233],[-112.01908658078,40.436855931973],[-112.0192242458,40.4369934552825],[-112.019381903726,40.4372055759816],[-112.019472006545,40.4373164915332],[-112.019572121089,40.4373876799632],[-112.019680126434,40.4375128514651],[-112.019906768685,40.4376865257346],[-112.020031709968,40.4377619986314],[-112.020227213018,40.4379035150414],[-112.020417701673,40.4380252553851],[-112.020514744876,40.43812710012],[-112.020675598109,40.4382382910551],[-112.020896283632,40.4384075111244],[-112.02102196333,40.4385005436248],[-112.021039373578,40.4385134527543],[-112.021145808668,40.4386125113194],[-112.021350249956,40.438798991318],[-112.021543681491,40.4390369182277],[-112.021634145433,40.4391712523861],[-112.021649022433,40.4392972451121],[-112.021645173152,40.4394324121814],[-112.021606434203,40.4395994188464],[-112.021585719053,40.4397887888297],[-112.021570830375,40.4399736028191],[-112.021586369433,40.4402212093948],[-112.021640766017,40.4403873929875],[-112.021702631194,40.4405796370308],[-112.021787625294,40.4407419459651],[-112.021925918237,40.4409200004705],[-112.022082946444,40.4411672576169],[-112.022210985118,40.4413688255225],[-112.022356864334,40.4415026682415],[-112.022560581579,40.4416405040583],[-112.022727737392,40.4417777618858],[-112.022960789123,40.4419838053465],[-112.023092305175,40.4421033601179],[-112.023318986054,40.4422779277101],[-112.023474642533,40.4424342053086],[-112.02356455491,40.4425316056683],[-112.023783480633,40.4426611970768],[-112.024057888105,40.4427947999904],[-112.024206818897,40.4428961821788],[-112.024426584545,40.4430032420467],[-112.02457647384,40.4431676767896],[-112.024638789971,40.4433112669872],[-112.024677869381,40.4434775844586],[-112.02473282292,40.4436797969622],[-112.024760385928,40.4438642351824],[-112.024786770346,40.4440486831513],[-112.024783734939,40.4442369952976],[-112.024809791472,40.4443998252302],[-112.024726786242,40.4446798361153],[-112.02469859621,40.4447647696645],[-112.024687146283,40.4448648697812],[-112.024649179886,40.4450048439788],[-112.024545642761,40.4450976520017],[-112.024338666428,40.4452120978487],[-112.023963584763,40.4452829873705],[-112.023708775836,40.4453537120602],[-112.023374603448,40.4454008141851],[-112.023116448297,40.4454841792388],[-112.022952135652,40.4455351827977],[-112.022758961933,40.4456269803557],[-112.022519309381,40.4457642341448],[-112.022320171748,40.4458515795567],[-112.022032790807,40.4460297941708],[-112.021661881816,40.4462988348793],[-112.021454768041,40.4464826444942],[-112.021225264655,40.4466675528788],[-112.021084081832,40.4468056447191],[-112.021034696051,40.4468539182436],[-112.020905525499,40.4469676699562],[-112.020787803976,40.4470587983416],[-112.020611886894,40.4471225133495],[-112.020416994698,40.447179187676],[-112.020371420469,40.44720661663],[-112.02035008099,40.4472770747343],[-112.020412059354,40.4473206705895],[-112.020500992567,40.4473532184332],[-112.020584004086,40.4473840168782],[-112.020690923368,40.4474362248998],[-112.020962474197,40.4474581506161],[-112.021089173483,40.4474927068648],[-112.02123481734,40.447532320504],[-112.021477274432,40.4475797266792],[-112.02173796373,40.4476630069964],[-112.021928305959,40.447773034368],[-112.022260831735,40.4479277494373],[-112.02235040904,40.4480026318158],[-112.022534155838,40.4481442476675],[-112.022779857645,40.4483276564253],[-112.022967617217,40.4485782435208],[-112.023229441987,40.4488137602902],[-112.023475336033,40.4490872551459],[-112.023648817782,40.4492514822296],[-112.023663609442,40.4492703598624],[-112.023800350096,40.4494456327726],[-112.024026671648,40.4496724532062],[-112.024094614827,40.449797975077],[-112.024155826928,40.4499460792354],[-112.024256785888,40.4500713087012],[-112.024412258213,40.4502140727283],[-112.024655723214,40.450404704792],[-112.024988326245,40.4504855384643],[-112.02540764904,40.4505304672852],[-112.025679804435,40.4505136380359],[-112.025721032615,40.4505105700932],[-112.026174044928,40.4504443878078],[-112.026468890869,40.4503687979006],[-112.026721438736,40.4503034932054],[-112.027168127808,40.4502094359305],[-112.027502868829,40.4501208759705],[-112.027754991793,40.4501051212254],[-112.028273796717,40.4501005076621],[-112.028868968322,40.4500771937482],[-112.029311749722,40.4501137912233],[-112.030167665423,40.4503304868048],[-112.030694455472,40.4503852491613],[-112.031172681699,40.4504260286652],[-112.031487127981,40.450552950483],[-112.031579330163,40.4507214942475],[-112.031589435312,40.4509195991776],[-112.031534005666,40.4511507211997],[-112.031466517933,40.4512873566893],[-112.031359100985,40.451589211297],[-112.03118110071,40.4519025062082],[-112.031056260936,40.4522991090931],[-112.030955159144,40.4525513581706],[-112.030800200656,40.4528293124282],[-112.030635885316,40.4532668065625],[-112.030517220562,40.4536047960214],[-112.030426194274,40.4538992968044],[-112.030505776025,40.4541679519308],[-112.030579554659,40.4543654889248],[-112.030756467973,40.454752193899],[-112.030866036387,40.4549764379219],[-112.031132067966,40.4554064900679],[-112.031271792824,40.4556746087447],[-112.031539152114,40.4561911332986],[-112.031897385876,40.4565572987353],[-112.032160947987,40.4568252111803],[-112.032340864369,40.4570217991528],[-112.032539021941,40.457254259023],[-112.032716415853,40.4575941101437],[-112.03280783201,40.4578644599633],[-112.032819452616,40.4580841721745],[-112.032891731064,40.4582600994535],[-112.032850693327,40.4585838844679],[-112.032695874078,40.4587942733871],[-112.032615933,40.4589652543536],[-112.032599879208,40.4591491783273],[-112.032669359404,40.4594503544471],[-112.032638187863,40.4597254026551],[-112.032560466523,40.4600414072647],[-112.032554070518,40.4601397506132],[-112.032537041156,40.460421790123],[-112.032537095953,40.4604253927835],[-112.032547043896,40.4604973748727],[-112.032582659402,40.4607204760729],[-112.0326458999,40.4609991852743],[-112.032880483258,40.4612988856727],[-112.033092587175,40.4616708574096],[-112.033182453738,40.4621475230892],[-112.033157111365,40.4624180152001],[-112.033159250254,40.4625576329754],[-112.033243038815,40.4627145393633],[-112.033418055786,40.4628210803517],[-112.033829426694,40.4628804636681],[-112.034322028659,40.4630066846511],[-112.034798117794,40.463209626422],[-112.035112848842,40.4634275250283],[-112.035293275467,40.4636556344183],[-112.035316912837,40.4636894763297],[-112.035564643937,40.4640450880674],[-112.035606751568,40.4640987641801],[-112.035773713345,40.4642179864117],[-112.036034083742,40.4642751110647],[-112.036577745949,40.4643459107657],[-112.037210583913,40.46438617878],[-112.037628821543,40.4644310723351],[-112.037973079316,40.4645739247718],[-112.038044118089,40.4645913040897],[-112.038181519005,40.464628808108],[-112.038228429928,40.4646112702407],[-112.038373767459,40.4645514066256],[-112.038682032434,40.46436377539],[-112.038689278245,40.464359386293],[-112.038805686431,40.4642592427687],[-112.039091780086,40.4639954148831],[-112.039321748799,40.4637636214678],[-112.039410059479,40.4636772431874],[-112.039786397888,40.4632234158848],[-112.040169461983,40.4628235804583],[-112.040452167193,40.4624632046447],[-112.040539615491,40.4623517885986],[-112.040867655079,40.4618263216907],[-112.041151369097,40.461485934946],[-112.041444854989,40.4610148308421],[-112.041646429752,40.4607022092743],[-112.041924795201,40.4603979036101],[-112.042350149284,40.4600652453764],[-112.042906750824,40.4598304993789],[-112.043464324341,40.4596588029448],[-112.043573462462,40.4596157461697],[-112.043779663549,40.4595343363574],[-112.044106600007,40.4593971517013],[-112.044600856669,40.459173770656],[-112.045089479098,40.4589675557046],[-112.045373920752,40.4587523745973],[-112.045486951272,40.4585117164652],[-112.045534850341,40.4581779559592],[-112.04557268828,40.4579559959831],[-112.045599675467,40.4577188195559],[-112.045781746907,40.4574433031255],[-112.046224961296,40.4571239821562],[-112.046376931987,40.457037022547],[-112.046680103514,40.4568135605173],[-112.047097316166,40.4566431181612],[-112.047673030262,40.4565027683395],[-112.048405564156,40.4562844186988],[-112.049340565738,40.4560417038654],[-112.049844831429,40.455933522583],[-112.050419646311,40.4558120860356],[-112.051168532238,40.45566023536],[-112.051976963891,40.4554700009864],[-112.052631001199,40.4552865720761],[-112.053212868754,40.4551641562129],[-112.053829898167,40.4550279038706],[-112.054254103305,40.4549294429889],[-112.054655352895,40.4547960549052],[-112.055060848821,40.4545572233931],[-112.055458402741,40.4544139566152],[-112.055935029966,40.4542744702453],[-112.056558364654,40.4541651726133],[-112.057080430463,40.4540658061284],[-112.057474580667,40.4539315728256],[-112.057721602997,40.4538158006929],[-112.05789330698,40.4536349531599],[-112.058039062228,40.4535291167053],[-112.058347629935,40.4533524210221],[-112.058634046984,40.4531921433206],[-112.058892927075,40.453080764533],[-112.059152456649,40.4530108204002],[-112.059390502115,40.4529996304806],[-112.059482864197,40.4529483338692],[-112.059538715153,40.4528253019559],[-112.059605784271,40.4525904568364],[-112.059646809432,40.4524393624259],[-112.059690516962,40.4522788747411],[-112.059740251289,40.4520667106901],[-112.059847753577,40.4517783424305],[-112.060008017516,40.4514705723032],[-112.060239805317,40.4512116939036],[-112.060483028672,40.4509301885735],[-112.060712241901,40.4506578195652],[-112.061050015635,40.450389859287],[-112.061616915461,40.4500693440565],[-112.06206956216,40.4499075306914],[-112.062378625736,40.4498389258359],[-112.062727508935,40.4497528372697],[-112.062839125507,40.4497266760581],[-112.062894229963,40.4497138278712],[-112.063068236329,40.4496731285994],[-112.063496001491,40.4495791053058],[-112.063878379273,40.4494485619933],[-112.064159595076,40.4493342634981],[-112.064569712834,40.4491683276127],[-112.06481171448,40.4490500644282],[-112.064907905182,40.4490030530456],[-112.065184343745,40.4488104188277],[-112.065392522024,40.4485517482514],[-112.065582357603,40.4482518050486],[-112.065717430984,40.4479938077324],[-112.065680988129,40.4477770301023],[-112.065718018482,40.4476577718577],[-112.065860069078,40.4475429507671],[-112.066051038331,40.4473150669528],[-112.066271425613,40.4470833082753],[-112.066333496504,40.4469070632427],[-112.066448267061,40.4467078096134],[-112.066572568744,40.4465147736794],[-112.06680062674,40.4463955542128],[-112.067183492307,40.4462974272835],[-112.067628535665,40.4462536783147],[-112.068006288022,40.446205144579],[-112.068311710727,40.4462059259701],[-112.068647589015,40.4461938120144],[-112.068748090733,40.4462109007582],[-112.068900669584,40.4462401198544],[-112.068978355889,40.4462312934888],[-112.069138360214,40.4462081922093],[-112.069538320722,40.4460729628807],[-112.069849331846,40.445979996234],[-112.070129630469,40.4458837097271],[-112.070464812563,40.4457535810404],[-112.070723408787,40.4457016376465],[-112.070952007569,40.4456914118052],[-112.07114614518,40.4458130341333],[-112.071273122944,40.4459379814394],[-112.071395550741,40.4461476538578],[-112.071510504554,40.4463321707601],[-112.071815054995,40.4466491612576],[-112.071875867347,40.4467657127655],[-112.072444835993,40.4469514229461],[-112.072723254442,40.4470335227407],[-112.073106453285,40.4470308661804],[-112.073443193956,40.4470727839011],[-112.073730534472,40.4470484940901],[-112.074032670242,40.4469907326917],[-112.074379623859,40.4469334552496],[-112.074885961065,40.4468882081894],[-112.075321925151,40.447014781888],[-112.075611792628,40.4470751465019],[-112.07587225645,40.4471402888976],[-112.075920654983,40.447143442447],[-112.076351374703,40.4471628552643],[-112.076479817619,40.44715715454],[-112.076615421007,40.4471567929039],[-112.076677535915,40.4471327909284],[-112.07673617075,40.4471124251326],[-112.076923694964,40.4470404095619],[-112.077188501242,40.4469343398595],[-112.077461229762,40.4467336035255],[-112.077571122468,40.4466740213578],[-112.077818329851,40.4467212654353],[-112.078000316849,40.4467456941406],[-112.078355203489,40.4467423840222],[-112.078655751935,40.4466594026765],[-112.078695203247,40.4466487627029],[-112.078797823192,40.4466211386873],[-112.079031572016,40.4466378752545],[-112.079255690001,40.4467159618606],[-112.079617422701,40.4467720417753],[-112.079900723494,40.4468639887251],[-112.080391894444,40.4469765139994],[-112.080763939803,40.4473081651201],[-112.080961959035,40.4475234266298],[-112.081036896496,40.4477110105603],[-112.081114751685,40.4478598295938],[-112.081119187566,40.4479895153227],[-112.081226432936,40.4481326536064],[-112.081291198773,40.4482005150672],[-112.081438281731,40.4482540930944],[-112.081543832878,40.4482179710836],[-112.081658873829,40.4481853635009],[-112.081951888105,40.4480736141002],[-112.082213841333,40.4479369303759],[-112.082453095033,40.4478554120739],[-112.082819625635,40.4477690974245],[-112.083223032079,40.4476292841647],[-112.084012061021,40.4475642304296],[-112.084630310346,40.4475854574468],[-112.085053946851,40.4476040033094],[-112.085380520389,40.4476730083114],[-112.085675333092,40.447746814962],[-112.085906478598,40.4478212190114],[-112.08619804479,40.4479130722379],[-112.086463311005,40.4479826497909],[-112.086742693346,40.4481232641927],[-112.087400127184,40.4483071693089],[-112.087630096795,40.448381579574],[-112.087724609444,40.4483924011135],[-112.087802571533,40.4484006762061],[-112.087912704987,40.4483563974416],[-112.088069552632,40.4482107794925],[-112.088197285879,40.4480879576615],[-112.088299647109,40.4480005091959],[-112.088551411645,40.4478909333823],[-112.088762330684,40.4478078673192],[-112.089102855059,40.447791146083],[-112.089545387626,40.4477383278678],[-112.089968341411,40.4477874921573],[-112.090229491545,40.4478210645143],[-112.090512897441,40.4478454176223],[-112.090790699646,40.4478878407097],[-112.091038589749,40.4479035187262],[-112.091391733657,40.4478650503608],[-112.091592678701,40.4478217125816],[-112.09176772801,40.4477813211584],[-112.091992020269,40.4477233477851],[-112.092309791216,40.4476852108707],[-112.092616241593,40.4477489799741],[-112.092840477258,40.4477603731183],[-112.093082909197,40.4478031250786],[-112.093306550177,40.4478505584074],[-112.093436463635,40.4478628429683],[-112.093522226693,40.4478431131558],[-112.093562197232,40.4478355277622],[-112.093719034097,40.4477628737854],[-112.094056376639,40.4476227474159],[-112.094221972977,40.4475085695505],[-112.094630695652,40.4473344325507],[-112.094939228324,40.447236016453],[-112.09504917942,40.447180921341],[-112.095478713365,40.4470543315482],[-112.095813117517,40.4470241352244],[-112.095924252593,40.4470419996696],[-112.095999900621,40.4470529943814],[-112.09612595312,40.4470454929843],[-112.096230798192,40.4470390929035],[-112.096672931907,40.4470348988745],[-112.096796816771,40.4470391291355],[-112.096938431684,40.4470458929039],[-112.097046462182,40.4470178411032],[-112.097214286341,40.4469685019266],[-112.097357584697,40.4469338086835],[-112.097683329989,40.4468063932891],[-112.097972026063,40.4466486998092],[-112.098164504486,40.4465928180437],[-112.098410273666,40.4465508439662],[-112.098570164804,40.4465213973567],[-112.098923359916,40.4464144381168],[-112.099122471498,40.4463314652535],[-112.099379872065,40.4462073978292],[-112.099718846846,40.4460239969581],[-112.099988328855,40.4459178306265],[-112.100174468765,40.4458638979811],[-112.10035802512,40.4458107104553],[-112.100685569737,40.4457220079716],[-112.100960074227,40.4456347109297],[-112.101180387847,40.4455506316605],[-112.10141994877,40.4454177205987],[-112.10151773488,40.4453402135787],[-112.101640942415,40.4452309335466],[-112.101758388155,40.4451298160311],[-112.101878721979,40.4449890319755],[-112.102000161629,40.4448437328296],[-112.102162349759,40.4446665138796],[-112.102375972726,40.4443897072076],[-112.102572570823,40.4441536020345],[-112.102827541447,40.443953876041],[-112.103045503277,40.4438707169205],[-112.103330888162,40.4436562852949],[-112.103581197427,40.4434602058318],[-112.103915063489,40.4431101773174],[-112.104115174897,40.4429452057569],[-112.10433846733,40.4427556887889],[-112.104597597154,40.4425946570237],[-112.105072193288,40.4424865197255],[-112.105285198215,40.4424610598654],[-112.105385127706,40.4424429877343],[-112.10569091333,40.4423950186936],[-112.10593029459,40.4423242614929],[-112.106387657444,40.4421721396858],[-112.106713566229,40.4419852390124],[-112.107123365984,40.4417371754008],[-112.107403794863,40.441581338522],[-112.107684296505,40.4414300053681],[-112.108035680613,40.4412870004856],[-112.10856256768,40.4410612319736],[-112.10894820994,40.4409224002067],[-112.109320221164,40.4408152290022],[-112.109617087416,40.4406556255991],[-112.110041162298,40.4404164231818],[-112.110266387008,40.4402025521043],[-112.110712493073,40.439869443835],[-112.111033477294,40.4395996971119],[-112.111441118397,40.4392939824859],[-112.111703042879,40.4390896653382],[-112.111911910166,40.4389570279738],[-112.11200562601,40.4389200914589],[-112.112104725457,40.438923642627],[-112.112272336716,40.4390778823803],[-112.112456838997,40.4392553833919],[-112.112666632447,40.4394650718695],[-112.113019994645,40.4397292326397],[-112.113285205165,40.440081627248],[-112.113531322891,40.4403486208636],[-112.113671805927,40.4405733894806],[-112.113963621851,40.4408228254434],[-112.114177546652,40.4409964357839],[-112.114435980281,40.4412948395804],[-112.114519356516,40.4415597964836],[-112.114542262658,40.4418757860252],[-112.114567671505,40.442271929858],[-112.114583775604,40.4425330311184],[-112.114592167665,40.4430410486734],[-112.114630612864,40.4432983307489],[-112.114597670744,40.4437310726185],[-112.114580028731,40.4440906957086],[-112.114462786908,40.4444170450073],[-112.114412336623,40.4445751860435],[-112.114310544027,40.444837423464],[-112.114250237427,40.4451127741838],[-112.114247636804,40.4454551355093],[-112.114159256953,40.4457442699126],[-112.11396381409,40.4459767797357],[-112.113815080028,40.4462529823781],[-112.11363709233,40.44654298019],[-112.113529388819,40.4469476131085],[-112.11347182208,40.4472463603258],[-112.113428303196,40.4474674956874],[-112.113551356221,40.4479212564689],[-112.113708362868,40.4481458657771],[-112.113826570379,40.4483059846121],[-112.113938522023,40.4485157125353],[-112.114034581571,40.4486913599791],[-112.114117962298,40.4490274863903],[-112.114098981794,40.4492348720959],[-112.114034118041,40.449520176446],[-112.114135847755,40.4497534258456],[-112.114262918944,40.4500215643448],[-112.114401785012,40.4502184203668],[-112.114569102522,40.4503528401875],[-112.114696179998,40.4505498087146],[-112.114793036352,40.4507020250369],[-112.114832504733,40.4507283102815],[-112.115310550398,40.4510474757116],[-112.115614003097,40.451213012531],[-112.115994144074,40.4513093406207],[-112.116417661103,40.4513187637682],[-112.116578687711,40.4513790992238],[-112.116696521524,40.4514232755108],[-112.117035769392,40.4516136867669],[-112.117192826345,40.4517689227653],[-112.11748388409,40.4519688073664],[-112.11760409215,40.4520352116785],[-112.11773382325,40.4521069286448],[-112.117931793973,40.4522401463892],[-112.118198077979,40.4523681981382],[-112.118660036614,40.452490752391],[-112.118828621647,40.4525301108477],[-112.118938247552,40.4525556256805],[-112.119322655527,40.4526951443283],[-112.119568976273,40.4528990605672],[-112.119836386767,40.453023494332],[-112.120258922835,40.4532572326215],[-112.120634895629,40.4535274563447],[-112.120990518887,40.45392129697],[-112.121296573108,40.4542417446129],[-112.121532736603,40.4546142202356],[-112.121780889912,40.4549982900898],[-112.121950194495,40.4552506958185],[-112.122073605049,40.455508951677],[-112.122267701338,40.455904356232],[-112.122330087537,40.4560388822465],[-112.12255125276,40.4562889812563],[-112.122696486986,40.4565118906904],[-112.122918774204,40.4567583741461],[-112.123044612904,40.4568787707114],[-112.123363938835,40.4572864691819],[-112.123421902629,40.4575093247264],[-112.123608916599,40.4578327244399],[-112.123702512967,40.4580705484334],[-112.123845464573,40.4582268125505],[-112.123934678061,40.4583430596397],[-112.124263833357,40.4585614750418],[-112.124617935768,40.4586490191252],[-112.124883717616,40.4587446291282],[-112.125080819667,40.4588237898043],[-112.125425339748,40.4589024158882],[-112.125659952751,40.4589676971895],[-112.125774345118,40.4590377526837],[-112.125855286918,40.4592234467222],[-112.125955139153,40.4592702206157],[-112.126144883104,40.459332334229],[-112.126414306723,40.4595044798711],[-112.126628232423,40.459672661486],[-112.126779750363,40.4598468560516],[-112.126982930416,40.4600070338096],[-112.127139934368,40.4602271190338],[-112.127255776616,40.4603836433279],[-112.127752480289,40.4608868946765],[-112.127949692833,40.4610426245956],[-112.128269414921,40.4611890499501],[-112.128464847903,40.4613087605652],[-112.12876847218,40.4614093971745],[-112.129094955887,40.4615368361416],[-112.129356958523,40.4616874255112],[-112.129733454137,40.4619134705738],[-112.130023681839,40.4622700847932],[-112.130225470401,40.4624167569376],[-112.130581411663,40.4626123703307],[-112.130861791134,40.4628033164696],[-112.130925515824,40.462945932473],[-112.131086698739,40.4631326395312],[-112.131299512324,40.4635143314731],[-112.131476238789,40.4638540347391],[-112.131605281779,40.4641635750031],[-112.131617336272,40.4641930958956],[-112.131660633272,40.4642990659105],[-112.131732752718,40.4643794393107],[-112.131832963381,40.4644469248713],[-112.132123921413,40.4644945241475],[-112.132356311984,40.4645242287414],[-112.132484444083,40.4645405405308],[-112.132535597749,40.4645523812184],[-112.132839676574,40.4646226427564],[-112.133112053853,40.4646875385044],[-112.133450144692,40.4648725075131],[-112.133767918333,40.4651117274556],[-112.134007494528,40.4653300921466],[-112.134153332421,40.4655854121805],[-112.13427996613,40.4657508318546],[-112.13457181619,40.4659912050332],[-112.134657595418,40.4661119814411],[-112.135023501691,40.4662669433758],[-112.135623435265,40.4664502350087],[-112.135824403666,40.4665047450285],[-112.136187475754,40.4666032456702],[-112.136400138423,40.4666236773183],[-112.136690141546,40.4666838869489],[-112.137021140185,40.4667968444443],[-112.137200519375,40.4669419225349],[-112.137730150795,40.4672222891814],[-112.13809588549,40.4675060683158],[-112.1384717963,40.4677636209874],[-112.138586650401,40.46792915216],[-112.138690472291,40.4681398357466],[-112.138717315749,40.4683323598766],[-112.138735934231,40.4683871301134],[-112.138807024208,40.4684756161091],[-112.139175302932,40.4685602728739],[-112.139665964537,40.4686275061582],[-112.14014149941,40.4686372296246],[-112.14034102871,40.468647873634],[-112.14058910117,40.4685994811356],[-112.140633018008,40.468545895412],[-112.140852724367,40.4684941787584],[-112.140951486946,40.4684751862472],[-112.141102457812,40.4685439641109],[-112.141152154411,40.4686227510355],[-112.141238436695,40.4687723458874],[-112.141365057828,40.4690053241179],[-112.141450421136,40.4691702426389],[-112.141540721585,40.4692783568184],[-112.14180154114,40.4694253259712],[-112.142059021656,40.4695840396112],[-112.142369023973,40.4697791687916],[-112.142596774745,40.4699931282121],[-112.142794430158,40.4701713498718],[-112.142966250923,40.470286765111],[-112.143109521431,40.4703880477364],[-112.143228408967,40.4704427267732],[-112.14331801412,40.4704400383359],[-112.143400572888,40.4704392216906],[-112.143523876542,40.4704064711298],[-112.143689379455,40.4703579876415],[-112.143895408964,40.470334327446],[-112.144131767393,40.4702905476566],[-112.144447696794,40.4702784107073],[-112.144861360202,40.4703950312548],[-112.145227298815,40.4704103240573],[-112.14563583464,40.4704333015242],[-112.145802499075,40.4704532707222],[-112.145931224061,40.4704619039253],[-112.146033342746,40.4704320632301],[-112.146079140656,40.4704198976042],[-112.146307363942,40.470314033604],[-112.146747221326,40.4700979635348],[-112.147061186111,40.4699011589234],[-112.147214231188,40.4698140566237],[-112.14749543172,40.4697022584533],[-112.147623954586,40.4696298133198],[-112.147928575095,40.469577239158],[-112.148233884612,40.469565197755],[-112.148535090625,40.4695892313545],[-112.148730075348,40.4696098151744],[-112.148767662656,40.4696004328623],[-112.148862733159,40.4695724615505],[-112.148973301397,40.4694848783979],[-112.149078323437,40.4693487022542],[-112.149122952639,40.4692680805766],[-112.149224973407,40.469163464696],[-112.149325172393,40.4690903984551],[-112.149541681647,40.4689206815821],[-112.149692927399,40.4687975586391],[-112.149864264869,40.4686075705875],[-112.150070921402,40.4684136271292],[-112.150332303302,40.4682470658887],[-112.150432269623,40.4681604876682],[-112.150586177981,40.4680553547714],[-112.150792336847,40.4680397887522],[-112.150979779314,40.4680334180073],[-112.15133410271,40.4681289852672],[-112.151530801418,40.4681810780766],[-112.151844488624,40.4682455186541],[-112.152091900823,40.4682971049685],[-112.152240640274,40.4683037299157],[-112.152440585493,40.4683386725035],[-112.152642079408,40.4683952202742],[-112.15276129483,40.4684688039258],[-112.152928234149,40.4685049758731],[-112.152982423222,40.4685008317057],[-112.153082578189,40.4684944275178],[-112.153146202268,40.4684901890398],[-112.15328371188,40.468460889409],[-112.153500971228,40.468404669045],[-112.153653595893,40.4683626060813],[-112.153934178384,40.4682156639893],[-112.154115593155,40.468132774085],[-112.154359690571,40.4679907001042],[-112.154664573388,40.4678164877025],[-112.154867467777,40.4676793281611],[-112.155126816789,40.4675325964328],[-112.155323173239,40.4674270326847],[-112.155463676936,40.4673661696907],[-112.155846617063,40.4672731539095],[-112.156027619508,40.467235308292],[-112.156146585198,40.4671566427551],[-112.15617874219,40.4671058722506],[-112.156169812038,40.46699785572],[-112.156124801951,40.4669181278687],[-112.155994539048,40.466819433597],[-112.155815882104,40.4666500533804],[-112.155724421032,40.4664752969116],[-112.155688289893,40.4663630482723],[-112.155628516892,40.4661789663581],[-112.155672771496,40.4660082573047],[-112.155776255621,40.4658522716757],[-112.155820643175,40.4657581363852],[-112.155900128807,40.4655096001042],[-112.156002174728,40.4652698464471],[-112.156188693727,40.4648661890929],[-112.156230863341,40.464642799579],[-112.156243834116,40.4645737525437],[-112.156281186065,40.4643445561733],[-112.15640847285,40.4641324766963],[-112.156636699729,40.4638914598887],[-112.156754494914,40.4638137069454],[-112.1569763195,40.4636808586591],[-112.157186813636,40.4635751507991],[-112.157385595537,40.4634055963211],[-112.157560111247,40.4631966468552],[-112.157708835427,40.4629969637869],[-112.157891850997,40.462802342535],[-112.158151115567,40.4625835335755],[-112.158358877926,40.462387762901],[-112.158753695579,40.4620955240199],[-112.159016168033,40.4618577628014],[-112.159352669752,40.4615354767083],[-112.159683161742,40.4612754109258],[-112.159907967837,40.4611109965649],[-112.159978817065,40.4610472244213],[-112.160067896703,40.461014799402],[-112.160177378879,40.4610713567563],[-112.160319445644,40.4611023621599],[-112.160508899439,40.4611455041007],[-112.16074651551,40.4612458176691],[-112.161007283861,40.4613206742712],[-112.16133902361,40.4614074294439],[-112.161641127938,40.4614854722325],[-112.161953149668,40.461728276072],[-112.162231361504,40.4618570068808],[-112.162446064247,40.4619278186991],[-112.162676222504,40.4620056818138],[-112.162955163773,40.4620398116142],[-112.163073384759,40.4620557385295],[-112.163196804296,40.4620995407736],[-112.163410174838,40.4621613551452],[-112.163652127076,40.4622390976987],[-112.163807542807,40.4622915853366],[-112.164063183574,40.4624106296571],[-112.164224123045,40.4624414403381],[-112.164513509924,40.4624655509847],[-112.164636059892,40.4624589111088],[-112.164702051929,40.4624555436697],[-112.164967305568,40.4623798989276],[-112.165150181,40.4623149941155],[-112.165245374573,40.4622951161328],[-112.165418663184,40.462289765261],[-112.165571862771,40.462350381339],[-112.16573820471,40.4624207736721],[-112.165874381223,40.4624518317633],[-112.166047383272,40.4625662999997],[-112.166232257455,40.4626851517799],[-112.16644079506,40.4628082695251],[-112.166767369497,40.4629365013877],[-112.170348858212,40.4646966412909],[-112.171977994302,40.465497228556],[-112.172063588477,40.4656035648845],[-112.172172937702,40.4657871358014],[-112.172248243472,40.465980061015],[-112.172337940253,40.4661187870292],[-112.172464965628,40.4663012774061],[-112.172591249892,40.4665090000339],[-112.17265506621,40.4666515917673],[-112.172765436819,40.4668937092305],[-112.17279092382,40.4669348908179],[-112.172873500554,40.4670709857452],[-112.172819117445,40.4671994623347],[-112.17281980286,40.4673066598074],[-112.172767171466,40.4673324184759],[-112.172436334523,40.4679105346817],[-112.172402645005,40.4680081714818],[-112.172187979991,40.4685517761073],[-112.171979959816,40.4691385548273],[-112.171763070574,40.4698938869628],[-112.171643826406,40.4704986836948],[-112.171579141418,40.4711885104402],[-112.171823199307,40.4720634897823],[-112.171869630529,40.4721558094108],[-112.171857247253,40.4722577336321],[-112.172003878359,40.4724139005099],[-112.172169921159,40.4727365321229],[-112.172557860411,40.4732695208016],[-112.172949078514,40.4737871565015],[-112.173264439281,40.4742839413752],[-112.173285271213,40.4743963394117],[-112.173404544126,40.4746068346069],[-112.173433864239,40.4748002251235],[-112.173408065522,40.4749446271856],[-112.173426287848,40.4750426377951],[-112.173432175406,40.4752452753307],[-112.17336844892,40.4753116860195],[-112.173356776211,40.4753865775121],[-112.173375232997,40.4754980990356],[-112.173472428016,40.4757277363586],[-112.173542249571,40.4758081063318],[-112.173613326971,40.4759605332929],[-112.173718911356,40.4760621606412],[-112.173984200928,40.4761216265496],[-112.174169539541,40.4761287522871],[-112.1742863888,40.4761320698411],[-112.174379632129,40.4761347259342],[-112.174539980509,40.4761294923306],[-112.174782785249,40.476117115222],[-112.175171623715,40.4762257710283],[-112.175287227909,40.4762185598853],[-112.175327176888,40.4762160814604],[-112.17548101338,40.4763109107006],[-112.175681402367,40.4763692311362],[-112.176230325108,40.4766600337509],[-112.176291406954,40.4767801288343],[-112.17629651747,40.4769377304141],[-112.176281340433,40.4770144589026],[-112.176206432616,40.4771161195048],[-112.176192072148,40.4773748174544],[-112.17604991106,40.4779492208887],[-112.176029620812,40.478206176614],[-112.175962496898,40.4782807314249],[-112.176004847972,40.4784766915133],[-112.17600437456,40.4784833626042],[-112.175987152059,40.4787471342594],[-112.176040529055,40.4788988391339],[-112.176021576399,40.4790296586719],[-112.176182983893,40.4792874684806],[-112.176239649621,40.4794247252555],[-112.176476975536,40.479841216794],[-112.176621888164,40.4801000941967],[-112.176749445341,40.4802770789333],[-112.177099476586,40.4807627794481],[-112.17753578832,40.481358316947],[-112.17795477245,40.4818396189512],[-112.178006425579,40.4819598093092],[-112.178152320964,40.4820718323643],[-112.178205375465,40.4822046210397],[-112.178225463591,40.4823413491533],[-112.178217210769,40.4825441300093],[-112.177971159517,40.4832493203446],[-112.177533690754,40.4842087057637],[-112.177168418691,40.4849115057263],[-112.177083249419,40.4851015569652],[-112.177003127781,40.4852429094586],[-112.177003097238,40.4853086734839],[-112.177028106335,40.4853894979525],[-112.177106531056,40.4854886958024],[-112.177503125576,40.4859702271342],[-112.177894879973,40.4864445989413],[-112.178174854305,40.4869363245335],[-112.178211426516,40.4870035175552],[-112.178561425423,40.487788213217],[-112.178643051739,40.4880026891438],[-112.178796900808,40.4884335396093],[-112.179251055778,40.4891009577509],[-112.179574849929,40.4897354716725],[-112.180002680668,40.4902464034083],[-112.180231582182,40.4907845900671],[-112.18062218943,40.4912580629483],[-112.181033573813,40.4918394265677],[-112.181337999388,40.4926462000471],[-112.181414627479,40.4933080987765],[-112.181421442098,40.4933669461847],[-112.181444200018,40.4939243540961],[-112.181360242573,40.4945197884804],[-112.181279537928,40.4953007688251],[-112.181212934138,40.49554018094],[-112.181083887554,40.4959198667745],[-112.180768368683,40.496432985227],[-112.180548635375,40.496957735942],[-112.180603307741,40.4975184209568],[-112.18059365175,40.4975734727343],[-112.180027541543,40.4979963589136],[-112.1798804505,40.4980203830185],[-112.179562138768,40.4981056118583],[-112.179466742176,40.4981164950638],[-112.179297987362,40.4981164158238],[-112.179144965641,40.4981386972894],[-112.179057073576,40.4981738272312],[-112.178868575588,40.4981919663431],[-112.178692381825,40.4982388073627],[-112.178578802433,40.4983570795792],[-112.178352517712,40.4984413666792],[-112.178009964043,40.4986925988392],[-112.17764961385,40.4989386064302],[-112.177017208873,40.4992837775991],[-112.17682142465,40.4993578417643],[-112.17662343686,40.4993733711496],[-112.176500223037,40.4994133633647],[-112.176392317405,40.4995189628902],[-112.17631375075,40.4995476895173],[-112.176169923287,40.4997520304708],[-112.176085744856,40.4998716217903],[-112.175884734235,40.4999844749518],[-112.175869662301,40.500067508598],[-112.175877135386,40.5001575198316],[-112.176165766782,40.5003248468773],[-112.176497082527,40.5005169638146],[-112.177199194075,40.5010530386856],[-112.177380687,40.5012412736906],[-112.177612115475,40.5013830546271],[-112.17788378578,40.5013965015461],[-112.17812001036,40.5014076062155],[-112.178984188765,40.5018969748815],[-112.179733474442,40.5022271540213],[-112.180383081258,40.5027277106398],[-112.180996524596,40.5034538511237],[-112.181485073363,40.5041236095564],[-112.182005117963,40.5048389880567],[-112.182440041799,40.5054110957546],[-112.182555054003,40.5055756789517],[-112.182612735726,40.505768776019],[-112.182771813888,40.5058887650604],[-112.182833577555,40.505978220015],[-112.183415472959,40.5065848540885],[-112.183576184258,40.5072003051285],[-112.183616154796,40.5072584518769],[-112.183653139335,40.5074823901186],[-112.183765750342,40.5076442935799],[-112.183840979756,40.5076939720361],[-112.183973518091,40.5077808995133],[-112.184273408971,40.508041780987],[-112.184597991842,40.5083240297729],[-112.185008995339,40.5088756527618],[-112.185244125772,40.5094263751328],[-112.185283778307,40.5100025258863],[-112.18532282897,40.5102093251377],[-112.185390176566,40.5103473682979],[-112.185590986863,40.5104903484182],[-112.185751600245,40.5105625711981],[-112.185813038723,40.5106331096814],[-112.186146438559,40.5111332736928],[-112.186298661677,40.5116668282626],[-112.18650769605,40.5121421425577],[-112.186581457617,40.5123089472934],[-112.186945566361,40.5128763587991],[-112.187129558399,40.5130690564913],[-112.187301198602,40.513163686144],[-112.187384277495,40.5133231869352],[-112.187472000677,40.5134114716452],[-112.187490124188,40.5135689373505],[-112.187624076471,40.513735122521],[-112.187658296894,40.513801435026],[-112.187661305352,40.5139050040485],[-112.187552686458,40.5141043116994],[-112.187150153175,40.514638159511],[-112.187060167137,40.5149570908694],[-112.186916637016,40.5151180194994],[-112.186807041653,40.5153290480568],[-112.186254001933,40.5160977633281],[-112.18595626162,40.5166179185293],[-112.185671510048,40.5172055049515],[-112.185222511408,40.5177839653698],[-112.184540551767,40.5180711289584],[-112.183833468043,40.5184738579333],[-112.183136340349,40.5190404380912],[-112.183024462367,40.5191226614577],[-112.1824938428,40.5194920442742],[-112.18186805661,40.5200218522885],[-112.181333962359,40.5203957699142],[-112.180751028503,40.5207449593095],[-112.180089147107,40.5210354952018],[-112.179778567174,40.5211638876252],[-112.179069560158,40.5214603039076],[-112.178908167037,40.5216141977674],[-112.178775241528,40.5217759086845],[-112.178754081712,40.5219157594657],[-112.1787724837,40.5220227746398],[-112.178809770073,40.5221295977596],[-112.179006147184,40.5225573084923],[-112.179019364097,40.5226311352725],[-112.179104299807,40.5231058364877],[-112.179038623976,40.5236695498437],[-112.178995041312,40.523877194637],[-112.178913538963,40.524278912275],[-112.178841571332,40.524955297854],[-112.178954529089,40.5256748398991],[-112.178978470988,40.5263673633996],[-112.178853475806,40.5269821303224],[-112.178867552407,40.5271117110495],[-112.178812109286,40.5271816442249],[-112.178893866756,40.5274006215819],[-112.178916778288,40.5276301092917],[-112.179233929397,40.5282115359548],[-112.179475163882,40.5288396809479],[-112.179358021772,40.5294309449192],[-112.179332245513,40.5300483021946],[-112.179251248017,40.5308157671733],[-112.179231685406,40.5313835136379],[-112.179206279253,40.5316179985014],[-112.179237275622,40.5317023632829],[-112.17930253643,40.5317881801898],[-112.179348405307,40.5318453675034],[-112.1794098887,40.5319177106586],[-112.179541008595,40.532056006122],[-112.180071081088,40.5325911133525],[-112.180108561497,40.5326411795625],[-112.180388914917,40.5332094649509],[-112.180573425284,40.5339003464385],[-112.18090741172,40.5344293455433],[-112.181329554326,40.5350024849806],[-112.181419076834,40.5355952409405],[-112.181503122314,40.5363466047552],[-112.181650834093,40.537025248458],[-112.181698578652,40.537182141205],[-112.181851343454,40.5376844331059],[-112.182377557683,40.5381979481646],[-112.182415248297,40.5382597218114],[-112.182626302982,40.5383764761355],[-112.182667456601,40.5384337103935],[-112.182750049505,40.5385643913217],[-112.182818141804,40.5389447606683],[-112.182637839146,40.5396366698443],[-112.182730208415,40.5403230845444],[-112.182800916608,40.540986298611],[-112.18255280552,40.5415158452406],[-112.182534619127,40.5416232346178],[-112.182439509098,40.541788165825],[-112.182360174384,40.5419772585812],[-112.182365220221,40.5420627892657],[-112.182441819565,40.5421881261217],[-112.182429298846,40.5422819446345],[-112.182395559921,40.5431164909502],[-112.182164363211,40.5436683853774],[-112.181659411207,40.5441654235587],[-112.181202606207,40.5446475535215],[-112.181057503136,40.5447904748193],[-112.180902758446,40.5448551155656],[-112.180807639434,40.5450200449586],[-112.180586975471,40.5452313015723],[-112.180124004435,40.545766641471],[-112.179766218932,40.5460378525893],[-112.179582737137,40.54608026483],[-112.179412717495,40.5461495659038],[-112.179261667576,40.5462231769271],[-112.179206540662,40.5463120244651],[-112.179285875377,40.5463913917746],[-112.17979268869,40.5470078139257],[-112.179826868689,40.5474750133835],[-112.179833978854,40.5476109715965],[-112.179856120529,40.5481323463986],[-112.179857163473,40.5481917927974],[-112.179925687861,40.5487316113822],[-112.17980952222,40.5490435963054],[-112.179821024249,40.5491605912154],[-112.179745111218,40.5492091126443],[-112.179701068616,40.5493239721493],[-112.179442752666,40.5496788475403],[-112.179298567673,40.5498749062357],[-112.179286811421,40.5499452941386],[-112.179195203923,40.5500417208244],[-112.179178807873,40.5501842244804],[-112.17925062818,40.5503735740702],[-112.179238185615,40.5505394598048],[-112.17922082657,40.5508963791824],[-112.179290345394,40.5510217909718],[-112.179276021756,40.5510804935412],[-112.179215587596,40.5512036279568],[-112.179209660511,40.5513370162651],[-112.179160327731,40.5514870628634],[-112.179085460338,40.5516828644009],[-112.178968356856,40.5519890024631],[-112.178683417536,40.552577471874],[-112.178683104923,40.5526270221573],[-112.178617538687,40.5527943513557],[-112.178686979357,40.5529152595701],[-112.178697997194,40.5531394623262],[-112.178833518834,40.5537957097941],[-112.178935133564,40.5545387869596],[-112.17864137189,40.5552309452468],[-112.178305171106,40.5559280398313],[-112.178277922509,40.5560580423357],[-112.178262120245,40.5561672081804],[-112.178245969434,40.556256558504],[-112.178269985893,40.5563463994332],[-112.178323272159,40.556421528752],[-112.178440311861,40.5564951066442],[-112.178602732654,40.556597048798],[-112.178726794487,40.5566669511974],[-112.179248309628,40.5570399914003],[-112.1797114217,40.5575172245726],[-112.180255978628,40.5581927149779],[-112.18064618972,40.5588895985487],[-112.180940533502,40.5594406211394],[-112.181028991507,40.5595676391744],[-112.181052449214,40.5596926190947],[-112.18124701083,40.559875306782],[-112.181376525436,40.5600532541998],[-112.181871394749,40.560453580416],[-112.182279034954,40.560998034396],[-112.182680681599,40.5616713713362],[-112.182919071119,40.5621959356286],[-112.183036280602,40.5627478645887],[-112.183037406192,40.5628118144287],[-112.183012385416,40.5630679154993],[-112.182973081427,40.5634520853999],[-112.18299710687,40.5635419255446],[-112.182947425543,40.5636721582582],[-112.182977213678,40.5637538320942],[-112.183014595272,40.5638642553987],[-112.183094707927,40.5639192881853],[-112.183187109535,40.5642696777271],[-112.183305151757,40.5643990935232],[-112.183357056414,40.5645291874012],[-112.183388787605,40.5646540816264],[-112.183287577117,40.564876730775],[-112.182885634028,40.5654628042251],[-112.182264639452,40.5660871530771],[-112.182145974697,40.5662244881339],[-112.182101404785,40.5662762031546],[-112.18196475486,40.5664992133595],[-112.18194477004,40.5667732803024],[-112.181889114917,40.5668999705182],[-112.181827590201,40.5674987720551],[-112.181984126131,40.5680701183916],[-112.182150843566,40.5682801149294],[-112.182184541169,40.5683824683584],[-112.182203383332,40.5684462367591],[-112.182177802906,40.5685365847191],[-112.182200140414,40.5685976145607],[-112.182014107404,40.5693039922352],[-112.182081579865,40.5699158874511],[-112.182035575342,40.5705911033029],[-112.182003477639,40.5707139486778],[-112.182057279538,40.570884561914],[-112.182193191047,40.5710219035028],[-112.182263942359,40.5712157659633],[-112.182931235206,40.571943135834],[-112.183390635439,40.57253750272],[-112.183442079261,40.5727081392828],[-112.183535878648,40.5728017683326],[-112.183625178373,40.573042284062],[-112.183583023132,40.5731976642993],[-112.183636205194,40.5733998128905],[-112.183599692271,40.5734731565026],[-112.183588905301,40.573598487107],[-112.183550252591,40.5736844645887],[-112.183424237821,40.5737740405818],[-112.183363490148,40.5738800633745],[-112.182887617508,40.5743632949078],[-112.182761973742,40.5745411499043],[-112.18262497617,40.5746110178717],[-112.182615463909,40.5747417401056],[-112.18254756385,40.5748442330799],[-112.182196961276,40.5753973466301],[-112.181783587125,40.5760763212782],[-112.181386442836,40.5766037836754],[-112.180836198674,40.5769580436779],[-112.180537499859,40.5771718980106],[-112.180416865099,40.577299251519],[-112.180388251062,40.5773517937939],[-112.180453124697,40.5774799541145],[-112.180422083413,40.5775289176143],[-112.180584481748,40.5781641660194],[-112.180880044545,40.5788466993388],[-112.18107280953,40.5793942533707],[-112.181179955187,40.5797760227924],[-112.181243139989,40.5800096007025],[-112.181445468439,40.5802273410237],[-112.18146117099,40.5803139349425],[-112.181480217071,40.5803891403816],[-112.181320268441,40.5805655431952],[-112.180482361267,40.5810921044132],[-112.180424949937,40.5811197167494],[-112.179867777068,40.5814181887837],[-112.179698143702,40.5815145121447],[-112.179246652236,40.5817758672949],[-112.178974169855,40.5820038642511],[-112.178860974942,40.5821518595015],[-112.178632213565,40.5825821022391],[-112.178303575698,40.5833809149875],[-112.178168400808,40.5837579522185],[-112.178098458878,40.5839469448682],[-112.178043427185,40.5840429978367],[-112.177918077169,40.5841046336795],[-112.177611294415,40.584129382148],[-112.177452848666,40.5841904543922],[-112.176446448986,40.5844115110401],[-112.1763758971,40.5844311474919],[-112.17625708592,40.5844952376161],[-112.176094964266,40.5845826501345],[-112.175565779309,40.5847952370882],[-112.175239447417,40.5849859350813],[-112.175172738524,40.5850902127323],[-112.175041618629,40.5851600116943],[-112.17496889282,40.5853256092903],[-112.174947865056,40.5854068999007],[-112.174970470261,40.585483243003],[-112.175090583998,40.5856621934037],[-112.17518938251,40.585703528573],[-112.175217942647,40.5857825135364],[-112.175278512454,40.5858674786525],[-112.175424396161,40.5859659895879],[-112.175412962404,40.5860552912628],[-112.175725578818,40.5864980348182],[-112.176081292806,40.5872421262892],[-112.176177327201,40.5879348100381],[-112.176283263726,40.5880932732796],[-112.176551083852,40.5884940402704],[-112.176515815994,40.5885718731443],[-112.176487042057,40.5887505362694],[-112.176421136258,40.5889007500433],[-112.176290200517,40.5889948721575],[-112.176182960536,40.5892004589308],[-112.176143186729,40.5892909500917],[-112.175852794635,40.5899154995535],[-112.175852702109,40.5899776600283],[-112.175733326787,40.5901113012381],[-112.175695272355,40.5902999682788],[-112.175830426585,40.5905274102317],[-112.175823672152,40.5906815260632],[-112.175987142177,40.5915807202538],[-112.176135722627,40.5923043979663],[-112.176142498619,40.5923538765471],[-112.176315631822,40.5931836056224],[-112.176573574971,40.5940241811198],[-112.176905872575,40.5945757240916],[-112.177325483729,40.5951594371759],[-112.177366185496,40.5952160471908],[-112.177540058911,40.595898025212],[-112.177549443611,40.5960961183035],[-112.177535967085,40.5962710220363],[-112.177333749128,40.5964658672217],[-112.176732156365,40.5969350392527],[-112.176652598869,40.5970484567637],[-112.17647883954,40.5971141881932],[-112.176324100241,40.5972535951965],[-112.176260468077,40.5973317173132],[-112.176203487041,40.5974521112606],[-112.176199948577,40.5976548406808],[-112.17626945123,40.5982486987855],[-112.176303977978,40.5988699383582],[-112.176329042771,40.5996255023408],[-112.176409653992,40.6001787090371],[-112.17641123323,40.6002687781498],[-112.176357052242,40.6003468039827],[-112.176253272572,40.6004271364537],[-112.176136270599,40.6004274270115],[-112.175904746903,40.6006369816358],[-112.175653913919,40.6011611320053],[-112.175470912723,40.601914309532],[-112.175384431911,40.6027124480375],[-112.175372237281,40.6033656933929],[-112.175348855032,40.6039875224227],[-112.175875680115,40.6045758237929],[-112.176517245213,40.6048990035354],[-112.177312939654,40.6050467448784],[-112.177645963096,40.6050973986857],[-112.177784164411,40.6051932821437],[-112.177794336035,40.6052003852986],[-112.178335329347,40.6053822449034],[-112.178561605984,40.6054790302508],[-112.17870797029,40.6056694189618],[-112.178748382799,40.6058167466704],[-112.178756365229,40.6059346776223],[-112.178763428682,40.6060003675779],[-112.17871897016,40.6060936097075],[-112.17868547917,40.6062056579065],[-112.178459343569,40.6067899187059],[-112.178516929172,40.606905541435],[-112.178492749219,40.6070093866195],[-112.17863173117,40.607250298342],[-112.178766562006,40.6073894557406],[-112.179356486551,40.6079329549271],[-112.179600690866,40.608578176261],[-112.179927251828,40.6090667076847],[-112.180481997449,40.6097592014804],[-112.180514878483,40.6098073311737],[-112.180889657416,40.6103550033825],[-112.181161775981,40.6109729102579],[-112.181371251427,40.611523892634],[-112.181622667417,40.6119726486766],[-112.181721152416,40.6120608258742],[-112.181834399431,40.6121146187971],[-112.181937508958,40.6121297790346],[-112.181984412694,40.6121752426778],[-112.182608516339,40.6124409112742],[-112.183223694324,40.6127363964312],[-112.183283266102,40.6127628118621],[-112.183850622272,40.6131614806571],[-112.184493490825,40.6136854925742],[-112.185273627344,40.6140162091915],[-112.185320423282,40.6140553665045],[-112.18548767791,40.6140878825638],[-112.185533756992,40.6140865084924],[-112.185577456438,40.6140842581522],[-112.185637718122,40.6140827388315],[-112.185807550915,40.6139936116568],[-112.186136607396,40.6138839318788],[-112.186996773925,40.6137264524087],[-112.187159094107,40.6137473056703],[-112.187444877844,40.6137308542341],[-112.187597326439,40.6137950492497],[-112.187912448254,40.6138332472254],[-112.188002097424,40.613889079036],[-112.188168394448,40.6139342127954],[-112.188355933035,40.6141106519107],[-112.188653678738,40.6143021725659],[-112.189159715009,40.614773514729],[-112.189315043603,40.61499983146],[-112.189299166778,40.6151044939518],[-112.189432806448,40.6154409377054],[-112.189500944561,40.6156168034505],[-112.189499875566,40.6158231102779],[-112.189517637055,40.6158913919729],[-112.189667378129,40.616069119486],[-112.189748998157,40.6162718715413],[-112.190338672971,40.6167252305316],[-112.190872689966,40.6171061915392],[-112.191391113106,40.6176737872393],[-112.191531808145,40.6178741266972],[-112.191780106981,40.6179427322355],[-112.192173670585,40.6182026201113],[-112.19225765947,40.6182720190188],[-112.192387200128,40.6183103194443],[-112.192537243035,40.6185042555401],[-112.192750921698,40.6186867233116],[-112.193235020211,40.6193168240335],[-112.193431019132,40.6199670166758],[-112.19355053998,40.6201063146474],[-112.193645999454,40.6201557753774],[-112.193811278686,40.6202090190234],[-112.194026203313,40.6202617491877],[-112.19427073192,40.620383537823],[-112.194627350511,40.6205591191789],[-112.195056989559,40.6207852922139],[-112.19559261364,40.6209878451745],[-112.195910383689,40.621238595347],[-112.196090903738,40.6218808353743],[-112.196114125189,40.6224535376862],[-112.196194457033,40.62304636748],[-112.196207981169,40.623141717221],[-112.196140979426,40.6232297944495],[-112.196118936565,40.6233858701386],[-112.196160798057,40.6234791255092],[-112.196263862668,40.6236230948329],[-112.196772162694,40.6240817671255],[-112.196949917729,40.6242900939448],[-112.197044591177,40.6244009982259],[-112.197191193536,40.6245728926793],[-112.197485184281,40.6249473017354],[-112.197559963638,40.6250960671474],[-112.197686017934,40.6254677133237],[-112.197628382025,40.6262124148838],[-112.197321024349,40.6268110651758],[-112.197010075209,40.6272089526714],[-112.196795067937,40.6274840491996],[-112.196445990702,40.6281308748096],[-112.196349956307,40.6287786813597],[-112.196370116298,40.6289145009727],[-112.196331938797,40.6290941661926],[-112.196364242215,40.6292478774467],[-112.196487765956,40.6295438786743],[-112.196527058267,40.6297578743454],[-112.196509443202,40.630095875745],[-112.196495134837,40.6302879055213],[-112.196479731424,40.6306835388828],[-112.196473442319,40.6307286469789],[-112.196354526037,40.6312208430813],[-112.196325235569,40.6313022230954],[-112.196303038198,40.6313835300637],[-112.196175980484,40.6318172546366],[-112.195962696181,40.6325212275254],[-112.195806744156,40.6330588489381],[-112.195568049209,40.6335982282736],[-112.19492421317,40.6342958451634],[-112.194402546213,40.6348822912999],[-112.194275940352,40.6350106208474],[-112.194309322646,40.6350922532462],[-112.194181278582,40.6354052718416],[-112.194161323407,40.6356126737175],[-112.19420575947,40.6358500390398],[-112.194334512305,40.6359748266705],[-112.194382104151,40.6361238756438],[-112.194798274757,40.6366501710668],[-112.19514874977,40.6371393097859],[-112.195287452345,40.6378216193872],[-112.195300112302,40.6385313586259],[-112.195203430222,40.6388922489755],[-112.195107188315,40.6392513330086],[-112.195058720612,40.6395175858093],[-112.19517530936,40.6398217670852],[-112.195450276482,40.6403197938226],[-112.196063289527,40.6407413494859],[-112.196644290208,40.6411578283226],[-112.196959262004,40.6413059059704],[-112.196994921528,40.6413226525831],[-112.197183920776,40.6415089706357],[-112.197367300163,40.6418439876409],[-112.197478504408,40.6426400861959],[-112.197637511604,40.6432654281362],[-112.198032617615,40.6439324628059],[-112.198060265963,40.6447510479298],[-112.198014377323,40.6450947473021],[-112.19808792509,40.6453056838563],[-112.198097670913,40.6455199848049],[-112.198124025687,40.6463322777668],[-112.197968406937,40.6471536647559],[-112.197873884406,40.6478203729408],[-112.197989662873,40.6484083271779],[-112.198643486381,40.6490564583843],[-112.199292909941,40.6493920372793],[-112.199739296281,40.6495513539731],[-112.200014878748,40.6497493793367],[-112.200635010044,40.6503636176323],[-112.200817063517,40.6505563074653],[-112.201166707589,40.6509265224478],[-112.201208905051,40.6509711261544],[-112.201710075148,40.6515460570508],[-112.202130010594,40.6521416504767],[-112.202498126723,40.6528810166995],[-112.202779758446,40.6536254268194],[-112.202803603327,40.6536885980162],[-112.202937895173,40.6539871814987],[-112.202902605756,40.6541956446818],[-112.203012300832,40.6547710446123],[-112.203142547565,40.6557660248572],[-112.203129016242,40.6567246670743],[-112.203094432002,40.657301570346],[-112.203058087962,40.6583072943854],[-112.202624811636,40.659145092119],[-112.202377262893,40.6599178946136],[-112.202009826789,40.6608000457417],[-112.201622018691,40.6616022330372],[-112.201371884596,40.6624957737487],[-112.201247693407,40.663222247249],[-112.201323527386,40.6641520322734],[-112.201406474226,40.6651484064359],[-112.201570637751,40.6660556514676],[-112.201715785738,40.6668919277951],[-112.201702316399,40.667439872542],[-112.201698664747,40.6675857571235],[-112.201792881851,40.6682207737539],[-112.201774772713,40.6684641901502],[-112.201824301326,40.668652852628],[-112.201820928153,40.6687285582635],[-112.201742023731,40.6689464837756],[-112.201657269481,40.6691680729232],[-112.20150210977,40.6693561631139],[-112.20141392665,40.6697822796108],[-112.20144165944,40.6704044755575],[-112.201510909666,40.6709667833983],[-112.201517681167,40.671014457451],[-112.20139020394,40.6717562785164],[-112.201426432995,40.6718631024847],[-112.20137808926,40.6720041372229],[-112.201424185411,40.6721333792305],[-112.20154957136,40.6722635980107],[-112.201670704684,40.672618170622],[-112.201708198567,40.6727294851682],[-112.201905411112,40.6731697474345],[-112.201950535285,40.6733764719095],[-112.202084517213,40.6739191874604],[-112.202229781083,40.6744311560749],[-112.202267131236,40.6745343641655],[-112.202345608957,40.6746875912926],[-112.202480155925,40.6748663586679],[-112.202739227358,40.6749951836227],[-112.202818663582,40.675070027028],[-112.202872950572,40.6751280164042],[-112.203051158358,40.6752342606373],[-112.20320136386,40.6753624165304],[-112.203231082824,40.6755017379066],[-112.203293894826,40.6755731511126],[-112.203372809128,40.6761452654205],[-112.203788429966,40.6769516923726],[-112.20411763467,40.6774923690636],[-112.204276762239,40.678050133024],[-112.204376335997,40.6786517594657],[-112.204198200076,40.6792076361837],[-112.204089099685,40.6794574074004],[-112.203971004463,40.6797333963056],[-112.203799684958,40.6804054107498],[-112.203526600705,40.6810118234302],[-112.203457980197,40.6811440624477],[-112.203109414104,40.6817647735599],[-112.203146006079,40.6818123165891],[-112.203469286393,40.6822330644476],[-112.203607417639,40.682412693774],[-112.20392823657,40.6828147281563],[-112.204193210833,40.6834011157723],[-112.204077848286,40.6836320344325],[-112.203974525858,40.683677253202],[-112.203548594158,40.684207786697],[-112.203113498743,40.6846897695754],[-112.202538441316,40.6852858136516],[-112.20206151585,40.6857457059405],[-112.201481950677,40.6863553049746],[-112.201279619532,40.6869501652556],[-112.201131319357,40.6876543657906],[-112.200874607798,40.6885164406244],[-112.200539051107,40.6890081873673],[-112.200443455089,40.6896163493034],[-112.200066808558,40.6902589633725],[-112.199670556297,40.6909306060511],[-112.199602980529,40.6911880485404],[-112.199641383508,40.6914155624895],[-112.199728065543,40.69149753933],[-112.19974528984,40.6916000562152],[-112.199725679618,40.6918263713359],[-112.199652534295,40.6919712660099],[-112.199542257111,40.6920913231681],[-112.199519526141,40.6921438085591],[-112.198980469597,40.6927727915699],[-112.198911780817,40.692902325698],[-112.198651983546,40.6931986977786],[-112.198668490987,40.6933273469954],[-112.198621783982,40.6934287263346],[-112.198890037994,40.6941322004614],[-112.198948088026,40.6943333865971],[-112.199054255418,40.6944457893794],[-112.199118986221,40.6946234841618],[-112.199064480043,40.6947519698886],[-112.199111315506,40.6949217420321],[-112.198934617788,40.6954965133875],[-112.198747172626,40.6962641753854],[-112.198704900604,40.6968771864184],[-112.198718827186,40.6969806389957],[-112.198792245596,40.6975239844189],[-112.198908490288,40.6978020384207],[-112.198879247431,40.6980194445916],[-112.198904719161,40.6981858357888],[-112.199168848109,40.6991199673549],[-112.19939160874,40.6995950986427],[-112.199597538535,40.7001875136109],[-112.199837987893,40.7010543263256],[-112.199973727824,40.7016925123719],[-112.200173913791,40.7022939941778],[-112.200417142536,40.7029851123724],[-112.200857343076,40.7035705842876],[-112.200901184456,40.703902538355],[-112.200995145539,40.7040592078529],[-112.200950667255,40.7042848806899],[-112.201095797275,40.7048518004382],[-112.201400997198,40.7054332694403],[-112.201828130844,40.7064098380451],[-112.202090754216,40.7069268877455],[-112.202455719055,40.7074734996741],[-112.20290255006,40.7080300668606],[-112.20303901583,40.7085745540041],[-112.203321518919,40.7091427412565],[-112.203908957826,40.7097491865949],[-112.204356350278,40.7102039473483],[-112.204521505543,40.710303117916],[-112.204656163903,40.7104179206117],[-112.204760633479,40.710565468631],[-112.204836487221,40.7107673657389],[-112.204828919813,40.7109386046488],[-112.204898513197,40.71105588756],[-112.204952592675,40.7112713445526],[-112.205041357903,40.7116246276599],[-112.205097804443,40.7118006029084],[-112.205102625701,40.7120023403404],[-112.205222729556,40.7121632376775],[-112.205767060109,40.7126088726674],[-112.206394670777,40.713273439406],[-112.206750399138,40.7138291417146],[-112.207130127788,40.7145989912254],[-112.207367017122,40.7151946703707],[-112.207688013021,40.7157273108064],[-112.208015474095,40.7158968449707],[-112.208066606201,40.7159746832533],[-112.208184037568,40.7159869663329],[-112.208320234742,40.716054905204],[-112.208613148406,40.716081565716],[-112.208831194678,40.716092795456],[-112.209287943983,40.7160790022057],[-112.210407119063,40.7160988001285],[-112.210832152448,40.7160988464283],[-112.21116434944,40.7162025605666],[-112.211485967871,40.7162451283633],[-112.212175322444,40.7164576945891],[-112.212241856165,40.7164705086623],[-112.21231107585,40.7165661715647],[-112.212487050424,40.7166075632599],[-112.212593601396,40.7166073446994],[-112.212744446499,40.7165688256125],[-112.2129714355,40.7166159863496],[-112.213156520788,40.7166374624661],[-112.213256329006,40.7166571328995],[-112.213423210833,40.7167193381388],[-112.213632144595,40.7168153329491],[-112.213720666379,40.7169306098773],[-112.213776824559,40.7169588462532],[-112.214278206659,40.7174463305421],[-112.214439075163,40.7176986743889],[-112.21449902603,40.7178052436109],[-112.214553996638,40.7178983520489],[-112.214795502414,40.7180273328012],[-112.21494707066,40.7180284398784],[-112.215247741277,40.7180252745634],[-112.21568041663,40.7179891890087],[-112.216544500712,40.7179125214381],[-112.216666422757,40.7179760967561],[-112.216822971264,40.7179906617083],[-112.217058268783,40.7181034875531],[-112.217282974266,40.7182848891271],[-112.21938676039,40.7197049224665],[-112.220962401805,40.7207533246682],[-112.221244550059,40.7209410466511],[-112.224427426638,40.7231504072901],[-112.225237736668,40.7237217665964],[-112.226112837689,40.7243387349434],[-112.227452050606,40.7253064109446],[-112.228444807573,40.7266849369993],[-112.232633265467,40.7322795074045],[-112.236172858553,40.7370115649549],[-112.238819013309,40.740545085513],[-112.241103470399,40.7435932805254],[-112.242938438369,40.7460904571133],[-112.245864363539,40.7499775235879],[-112.247891131703,40.7526401010645],[-112.249489586733,40.7547523678509],[-112.250781273382,40.7566093992549],[-112.252952574187,40.7594396721284],[-112.255342934564,40.7626314548695],[-112.257099023265,40.7649725079216],[-112.259756160824,40.7685918831614],[-112.260169089411,40.7691251683749],[-112.258690689727,40.7701466285297],[-112.253350647334,40.7738170749141],[-112.250753015976,40.7755748502014],[-112.250166955085,40.7759811690235],[-112.247538330952,40.7777951490005],[-112.240258416229,40.7828181798941],[-112.238473979392,40.7840489590639],[-112.227362524505,40.7917301317615],[-112.226227283955,40.7925169133051],[-112.222944793194,40.7947867019392],[-112.217044639543,40.7988658738552],[-112.204164561762,40.8077154291439],[-112.195907822592,40.8133864279597],[-112.187088680562,40.8194420509291],[-112.165495279596,40.8343141273967],[-112.165301983707,40.8344512034916],[-112.14933135909,40.8454032872864],[-112.148827509318,40.8457641313004],[-112.148663330522,40.8458738651328],[-112.148587015046,40.8459196661105],[-112.148446479009,40.8460246598348],[-112.148282375671,40.8461388959166],[-112.147671071222,40.8464602680194],[-112.146313442842,40.8471854170425],[-112.138349513132,40.8514531078542],[-112.137902784535,40.8516917296791],[-112.13369382978,40.8539311793479],[-112.129273514915,40.8563166765221],[-112.127033886452,40.8575276658444],[-112.125775494063,40.8581840420853],[-112.111552643341,40.8658078084504],[-112.110311885779,40.8664728538822],[-112.103113812968,40.8703298729175],[-112.09794972898,40.8730816092777],[-112.097385094705,40.8733842536941],[-112.094426425943,40.874961777473],[-112.093438440827,40.8755026321359],[-112.084149779941,40.8804637571433],[-112.075741987259,40.8849330817056],[-112.075171302831,40.8852410786232],[-112.063773226079,40.8913327200168],[-112.05451424553,40.8962731675078],[-112.041100146262,40.9034349426163],[-112.03167917611,40.9084831170283],[-112.027128817531,40.9109154082505],[-112.013607547453,40.9181334920728],[-112.006550784127,40.9218661344894],[-112.004454586073,40.921861893533],[-112.000762174286,40.9218534625271],[-111.958683509834,40.921828140316],[-111.958660282994,40.9145823285909],[-111.95862100326,40.9023264559624],[-111.958614128453,40.9001730098859],[-111.959559691528,40.8978193163614],[-111.959277878345,40.896333593267],[-111.961164141016,40.8955537206842],[-111.961523054803,40.8953023720576],[-111.961539949418,40.8952885385933],[-111.961755833446,40.8933666360795],[-111.963386371806,40.8930264783814],[-111.964080954574,40.8926838566274],[-111.966159002168,40.8916588056937],[-111.966254799408,40.8899372521539],[-111.966305918937,40.888808453281],[-111.967553492017,40.8878396977084],[-111.968344201707,40.887224015257],[-111.968746648751,40.8869105728037],[-111.969211616742,40.8855604938966],[-111.968733137191,40.8854268214545],[-111.968703285,40.8854171937913],[-111.968675021752,40.8854051326299],[-111.9686486932,40.8853907855162],[-111.968624621425,40.8853743279603],[-111.968603100905,40.8853559612901],[-111.968584394904,40.8853359101877],[-111.968568732258,40.8853144199418],[-111.968556304572,40.8852917534464],[-111.968547263876,40.8852681879851],[-111.968541720767,40.8852440118389],[-111.968539743055,40.8852195207599],[-111.968541354935,40.8851950143532],[-111.968546536688,40.8851707924116],[-111.968555224924,40.8851471512484],[-111.968567313358,40.8851243800723],[-111.968582654109,40.8851027574496],[-111.968650635017,40.8849959158962],[-111.96867902717,40.8849512964891],[-111.969578672859,40.8839769513394],[-111.969603375621,40.8839541380733],[-111.969625099509,40.8839296534623],[-111.969643647949,40.8839037190572],[-111.969658853104,40.8838765695278],[-111.969670577388,40.8838484505393],[-111.969678714712,40.8838196165293],[-111.969683191443,40.8837903284059],[-111.969683967074,40.8837608511864],[-111.969681034587,40.8837314515999],[-111.969674420516,40.883702395673],[-111.969664184709,40.8836739463232],[-111.969650419787,40.8836463609796],[-111.969633250304,40.8836198892533],[-111.969612831621,40.8835947706793],[-111.969589348498,40.8835712325482],[-111.969563013427,40.8835494878501],[-111.968457052564,40.8828595695279],[-111.968436114581,40.8828438414594],[-111.968416849719,40.8828269352112],[-111.968399373584,40.8828089522346],[-111.968383791047,40.8827900004423],[-111.968370195617,40.8827701935607],[-111.96835866888,40.8827496504475],[-111.968349280004,40.8827284943785],[-111.968342085332,40.8827068523081],[-111.968337128038,40.8826848541069],[-111.96833443787,40.882662631783],[-111.968334030971,40.8826403186894],[-111.968335909784,40.882618048724],[-111.968340063032,40.8825959555259],[-111.968346465794,40.8825741716739],[-111.968355079648,40.8825528278902],[-111.968365852902,40.8825320522566],[-111.968701448221,40.8820646226786],[-111.968741182119,40.8820200478027],[-111.968776034065,40.8819731962803],[-111.968805777211,40.881924373059],[-111.968830217963,40.8818738959203],[-111.968849197236,40.8818220934117],[-111.968862591498,40.8817693027078],[-111.968870313566,40.8817158674163],[-111.968872313178,40.8816621353412],[-111.968328754277,40.8808381780772],[-111.96830588205,40.8808041388085],[-111.968287169717,40.880768676707],[-111.96827277025,40.8807320816658],[-111.968262801359,40.8806946528402],[-111.968257344539,40.880656696202],[-111.968256444398,40.8806185220381],[-111.968260108295,40.8805804424144],[-111.968268306278,40.8805427686243],[-111.968280971331,40.8805058086443],[-111.968297999918,40.8804698646158],[-111.968319252835,40.8804352303759],[-111.968344556344,40.8804021890545],[-111.968373703593,40.8803710107601],[-111.968406456311,40.8803419503717],[-111.96844254675,40.8803152454549],[-111.968481679878,40.8802911143198],[-111.96890802121,40.8800869052754],[-111.969080772629,40.8799576413351],[-111.969235867661,40.8797255812359],[-111.969353382572,40.8795708206203],[-111.969736521227,40.8792446298687],[-111.969925829495,40.8790606532913],[-111.970051807434,40.8789058530853],[-111.970566877163,40.8780616098928],[-111.970605552912,40.8780094027152],[-111.970649208926,40.8779594910006],[-111.970697608086,40.8779121458542],[-111.970750487506,40.8778676244412],[-111.970807559968,40.8778261685893],[-111.970868515477,40.8777880034754],[-111.970933022948,40.8777533364027],[-111.971000732004,40.8777223556738],[-111.97142316836,40.8775695886544],[-111.971492217293,40.8775456483247],[-111.971558626411,40.8775177633528],[-111.971622002274,40.8774860989377],[-111.971681969415,40.877450842669],[-111.97173817256,40.8774122034159],[-111.971790278735,40.8773704100899],[-111.971837979238,40.8773257102885],[-111.971880991469,40.8772783688289],[-111.971919060603,40.8772286661789],[-111.9719519611,40.8771768967954],[-111.971979498044,40.8771233673802],[-111.972001508291,40.877068395063],[-111.972017861443,40.8770123055224],[-111.972028460616,40.8769554310571],[-111.972033243016,40.8768981086164],[-111.972032180309,40.876840677805],[-111.972021831717,40.8765707054662],[-111.971980502027,40.876107986431],[-111.971905671466,40.8757000459011],[-111.971754839838,40.8753245586914],[-111.971729000814,40.8752889042016],[-111.971700418525,40.8752544674843],[-111.971669193015,40.8752213690753],[-111.971635433576,40.8751897248265],[-111.971599258373,40.8751596455],[-111.971560794024,40.8751312363803],[-111.971520175161,40.875104596906],[-111.971477543957,40.8750798203218],[-111.971433049626,40.8750569933517],[-111.971386847907,40.8750361958959],[-111.971339100513,40.8750175007506],[-111.971289974566,40.8750009733537],[-111.971239642017,40.8749866715552],[-111.971188279036,40.8749746454152],[-111.971136065403,40.8749649370284],[-111.971083183873,40.8749575803767],[-111.970585333949,40.8749514440163],[-111.970295438624,40.8749478704725],[-111.970237275761,40.8749461681282],[-111.970179684414,40.8749397867357],[-111.970123321055,40.8749287990336],[-111.970068828155,40.874913330266],[-111.970016826867,40.8748935567547],[-111.969967909942,40.8748697038896],[-111.969922634972,40.8748420435598],[-111.969881518035,40.8748108910544],[-111.969845027816,40.874776601469],[-111.969813580256,40.874739565658],[-111.96978753382,40.8747002057799],[-111.969767185404,40.8746589704852],[-111.969752766957,40.8746163298022],[-111.969744442829,40.87457276978],[-111.969742307907,40.874528786948],[-111.969746386525,40.874484882656],[-111.969754397318,40.8744486817854],[-111.969766614789,40.8744131592356],[-111.970388344187,40.8730766750532],[-111.970408771894,40.8730391595824],[-111.970426826609,40.8730009545267],[-111.970442467801,40.8729621456543],[-111.970455660354,40.8729228200889],[-111.970466374653,40.8728830661143],[-111.970474586645,40.8728429729763],[-111.970480277892,40.8728026306822],[-111.970483435619,40.8727621297988],[-111.970484052737,40.8727215612492],[-111.97048212786,40.8726810161085],[-111.97047766531,40.8726405853994],[-111.970470675105,40.8726003598879],[-111.970461172937,40.8725604298795],[-111.970449180139,40.8725208850164],[-111.970434723635,40.8724818140765],[-111.970417835878,40.8724433047737],[-111.969726136702,40.8716231569915],[-111.969699058925,40.8716020711739],[-111.969670062752,40.8715824981895],[-111.969639295639,40.8715645375756],[-111.969606914049,40.87154828067],[-111.969573082653,40.8715338101464],[-111.969537973498,40.8715211995939],[-111.969501765126,40.8715105131432],[-111.96946464167,40.8715018051396],[-111.969426791918,40.8714951198675],[-111.969388408349,40.8714904913247],[-111.969349686159,40.8714879430492],[-111.969310822263,40.8714874880005],[-111.9692720143,40.8714891284925],[-111.969233459622,40.8714928561827],[-111.969195354295,40.871498652114],[-111.969157892098,40.8715064868113],[-111.968643985687,40.8719006949835],[-111.968581322806,40.8719547495928],[-111.968523111956,40.8719994776422],[-111.968461770192,40.87204174544],[-111.968397479099,40.8720814278681],[-111.968330428995,40.8721184074619],[-111.968260818364,40.8721525747576],[-111.96818885327,40.8721838286164],[-111.968114746747,40.8722120765236],[-111.968038718167,40.8722372348626],[-111.967960992593,40.8722592291622],[-111.967881800112,40.8722779943173],[-111.967801375152,40.8722934747814],[-111.967719955791,40.8723056247308],[-111.967637783047,40.8723144082008],[-111.967555100173,40.8723197991915],[-111.96747215193,40.8723217817451],[-111.967389183864,40.8723203499931],[-111.966603473299,40.872323463807],[-111.966521134618,40.8723237891816],[-111.965801222055,40.8723266380766],[-111.96546642444,40.8722893857417],[-111.965313739588,40.8722546304172],[-111.964705731057,40.8718970098726],[-111.964324493237,40.8718792255586],[-111.964295928527,40.8718670479811],[-111.964269916344,40.8718519499536],[-111.964246975136,40.8718342323915],[-111.964227562142,40.8718142484203],[-111.96421206428,40.8717923963369],[-111.964200790437,40.8717691116717],[-111.964193965311,40.8717448585082],[-111.964191724933,40.8717201202334],[-111.964192780022,40.8717035819861],[-111.964195886255,40.8716871919542],[-111.964201016127,40.8716710952748],[-111.964208124211,40.8716554344877],[-111.964217147563,40.8716403482726],[-111.964228006281,40.8716259702216],[-111.964240604207,40.8716124276556],[-111.964254829785,40.8715998404975],[-111.964884712293,40.8714430583445],[-111.964908372668,40.8714319747533],[-111.964930381035,40.8714190911902],[-111.96495049888,40.8714045472782],[-111.964968508178,40.8713885006339],[-111.964984213757,40.8713711251598],[-111.964997445409,40.8713526091592],[-111.965008059738,40.871333153296],[-111.965015941712,40.8713129684199],[-111.965021005913,40.8712922732812],[-111.965023197456,40.8712712921603],[-111.965022492591,40.8712502524373],[-111.965018898958,40.8712293821274],[-111.965012455502,40.8712089074101],[-111.965003232052,40.8711890501779],[-111.964991328568,40.8711700256316],[-111.964976874051,40.8711520399481],[-111.964604897861,40.8708749919851],[-111.964234760523,40.8706974413782],[-111.96402912268,40.8705987987764],[-111.963749756508,40.8703315188594],[-111.963727779131,40.8703070954383],[-111.963710587113,40.8702805683365],[-111.963698525599,40.8702524701031],[-111.963691836732,40.8702233648297],[-111.963690391448,40.8701981538341],[-111.963693003599,40.8701729965795],[-111.963699634556,40.8701482650895],[-111.963710186261,40.8701243250922],[-111.963724502676,40.8701015306113],[-111.963742372092,40.8700802187312],[-111.963763530257,40.8700607046118],[-111.963787664285,40.8700432768281],[-111.963814417284,40.8700281931025],[-111.963843393634,40.8700156764937],[-111.963874164834,40.8700059120976],[-111.963906275843,40.8699990443107],[-111.963939251804,40.8699951746941],[-111.963972605073,40.8699943604721],[-111.964005842424,40.8699966136853],[-111.964038472346,40.870001901013],[-111.964832657617,40.8701710267587],[-111.964866747422,40.8701760490609],[-111.964901454736,40.8701770137206],[-111.964935940123,40.8701738974065],[-111.964969369516,40.8701667754897],[-111.965000934386,40.8701558202206],[-111.965029871302,40.8701412965628],[-111.965055480391,40.8701235557854],[-111.965077142269,40.8701030269665],[-111.965094333018,40.8700802066167],[-111.965106636861,40.8700556466699],[-111.965113756216,40.8700299411345],[-111.965115518892,40.8700037117271],[-111.965111882258,40.8699775928354],[-111.96510293427,40.8699522161747],[-111.965088891345,40.8699281955095],[-111.965070093126,40.8699061118086],[-111.96455446734,40.8693906230159],[-111.96452411798,40.8693575432769],[-111.964497414375,40.8693227120489],[-111.96447453227,40.8692863585669],[-111.964455622263,40.8692487220848],[-111.964440808807,40.8692100503008],[-111.964430189394,40.8691705977273],[-111.964423833917,40.8691306240155],[-111.964421784201,40.8690903922471],[-111.964424053738,40.8690501672026],[-111.964430627591,40.8690102136187],[-111.964441462494,40.868970794446],[-111.964456487139,40.8689321691185],[-111.964475602643,40.8688945918458],[-111.964498683199,40.8688583099403],[-111.964525576906,40.8688235621897],[-111.964556106765,40.8687905772847],[-111.965432342358,40.8679220395091],[-111.965459724103,40.8678906632406],[-111.96548123805,40.8678567730316],[-111.965496488247,40.8678209926106],[-111.96550519402,40.8677839804956],[-111.965507195144,40.8677464178739],[-111.965502454791,40.867708996066],[-111.965491060204,40.867672403802],[-111.965473221093,40.8676373145457],[-111.965377521769,40.8674815712139],[-111.96534963159,40.8674307154497],[-111.965327438319,40.8673782799525],[-111.96531109612,40.8673246289564],[-111.965300718513,40.8672701351399],[-111.965296377584,40.8672151770365],[-111.965298103487,40.867160136406],[-111.965305884232,40.8671053955825],[-111.965319665773,40.8670513348183],[-111.965395874351,40.8668075075462],[-111.965420949395,40.8667182626852],[-111.96544064139,40.8666282488935],[-111.965454909736,40.8665376517581],[-111.965463725013,40.8664466580693],[-111.965467069047,40.8663554554356],[-111.965464934942,40.8662642318974],[-111.9654573271,40.8661731755388],[-111.965444261205,40.8660824741001],[-111.965278000114,40.8651297474192],[-111.964642822936,40.8646102764126],[-111.963973053433,40.864191972703],[-111.963942930151,40.8641708481911],[-111.963916140785,40.8641472947393],[-111.963893025514,40.8641216114348],[-111.963873877865,40.8640941244107],[-111.96385894098,40.8640651827046],[-111.963848404534,40.8640351538264],[-111.963842402321,40.8640044190917],[-111.96384101056,40.8639733687799],[-111.963844246924,40.8639423971783],[-111.963852070316,40.8639118975751],[-111.963864381393,40.8638822572655],[-111.963881023823,40.8638538526337],[-111.963901786277,40.8638270443731],[-111.963926405105,40.8638021729062],[-111.963954567688,40.8637795540617],[-111.96398591641,40.8637594750638],[-111.965079963815,40.8631368176915],[-111.965157218258,40.8630901196507],[-111.965230768372,40.8630401174526],[-111.965300367438,40.862986978819],[-111.965365781991,40.8629308819927],[-111.965426792602,40.8628720151394],[-111.965483194615,40.862810575717],[-111.965534798832,40.8627467698131],[-111.965581432152,40.862680811454],[-111.965830787407,40.8623023209167],[-111.965864021791,40.8622489631981],[-111.965894079705,40.8621945385482],[-111.965920901449,40.8621391550593],[-111.965944433751,40.8620829227282],[-111.965964629874,40.8620259532381],[-111.965981449704,40.8619683597365],[-111.965994859836,40.8619102566104],[-111.966004833635,40.8618517592595],[-111.966011351292,40.8617929838665],[-111.966014399861,40.8617340471668],[-111.966013973288,40.8616750662166],[-111.966010072421,40.8616161581602],[-111.966002705006,40.8615574399973],[-111.965991885677,40.8614990283509],[-111.965977635922,40.8614410392355],[-111.965959984043,40.8613835878267],[-111.965938965099,40.8613267882324],[-111.965914620837,40.8612707532662],[-111.965886999607,40.8612155942233],[-111.96585615627,40.8611614206595],[-111.965822152084,40.8611083401733],[-111.965785054587,40.8610564581926],[-111.965744937458,40.8610058777652],[-111.965701880377,40.8609566993538],[-111.96565596886,40.8609090206366],[-111.965607294093,40.8608629363134],[-111.965555952753,40.8608185379175],[-111.965502046809,40.8607759136336],[-111.965445683327,40.8607351481229],[-111.965386974251,40.8606963223547],[-111.965326036186,40.8606595134459],[-111.965262990164,40.8606247945074],[-111.965129035185,40.8605546295627],[-111.965107903529,40.8605423771805],[-111.965088381262,40.8605286824562],[-111.965070639848,40.8605136656696],[-111.965054835109,40.8604974587121],[-111.965041105858,40.8604802039285],[-111.965029572679,40.8604620528667],[-111.965020336869,40.8604431649465],[-111.965013479544,40.8604237060598],[-111.965009060933,40.8604038471136],[-111.965007119844,40.8603837625283],[-111.965007673326,40.8603636287066],[-111.965010716518,40.8603436224837],[-111.965016222692,40.8603239195743],[-111.965024143486,40.8603046930292],[-111.965034409332,40.8602861117155],[-111.965046930067,40.8602683388332],[-111.965543734351,40.859636323074],[-111.965982818286,40.8587618208859],[-111.965992203906,40.8587450358735],[-111.966003224961,40.8587288295151],[-111.966015819572,40.8587132928064],[-111.966029917022,40.858698512983],[-111.966045438157,40.858684573031],[-111.96606229583,40.8586715512207],[-111.966080395388,40.8586595206674],[-111.966099635205,40.8586485489205],[-111.966918313941,40.8582174228477],[-111.966941199422,40.8582039612446],[-111.966962141181,40.8581887972918],[-111.966980918868,40.8581720905441],[-111.966997334903,40.8581540167894],[-111.967011216557,40.8581347661996],[-111.967022417765,40.8581145413293],[-111.967030820669,40.8580935549846],[-111.967036336852,40.8580720279842],[-111.967038908273,40.8580501868357],[-111.967038507876,40.8580282613525],[-111.967035139873,40.8580064822354],[-111.967028839702,40.8579850786455],[-111.967019673655,40.8579642757928],[-111.967007738177,40.8579442925666],[-111.966993158854,40.857925339232],[-111.966976089089,40.8579076152178],[-111.966316420243,40.8572920837593],[-111.966295782858,40.8572714865126],[-111.966276955519,40.8572499200972],[-111.966260017537,40.8572274753611],[-111.966245040264,40.8572042468519],[-111.96623208679,40.8571803324194],[-111.966221211684,40.8571558328026],[-111.966212460756,40.8571308512059],[-111.966205870869,40.857105492864],[-111.966104370225,40.8566350219583],[-111.966094227042,40.8565791732334],[-111.966087822239,40.856523008522],[-111.96608517213,40.8564666708836],[-111.966086283465,40.8564103038184],[-111.966091153413,40.8563540509021],[-111.966099769571,40.85629805542],[-111.966112109991,40.8562424600019],[-111.966128143241,40.8561874062591],[-111.966519861705,40.8549874152612],[-111.966533921264,40.8549331563501],[-111.966540956442,40.8548781217644],[-111.966540900897,40.8548228304993],[-111.966533755151,40.8547678039721],[-111.966519586592,40.8547135611045],[-111.966498528835,40.8546606134295],[-111.966470780462,40.854609460267],[-111.96643660315,40.854560584015],[-111.965694807626,40.8536146262722],[-111.965674595849,40.8535917938815],[-111.965651200456,40.8535707726445],[-111.965624902767,40.8535518153326],[-111.965596018996,40.8535351498997],[-111.965259288207,40.853362167786],[-111.965233694655,40.8533474690149],[-111.965210227357,40.8533308637385],[-111.965189133427,40.8533125268104],[-111.965170634986,40.8532926513188],[-111.965154926823,40.8532714465532],[-111.965142174347,40.8532491358004],[-111.965132511842,40.8532259539938],[-111.965126041056,40.8532021452389],[-111.965122830127,40.8531779602437],[-111.965122912866,40.853153653678],[-111.965126288402,40.8531294814922],[-111.96513292119,40.8531056982219],[-111.965142741386,40.8530825543075],[-111.965155645582,40.8530602934574],[-111.965171497897,40.8530391500813],[-111.965190131404,40.8530193468221],[-111.965654537948,40.8525760696427],[-111.965675574654,40.8525534248397],[-111.965693060364,40.852529113291],[-111.965706766972,40.8525034521441],[-111.965716515674,40.8524767761524],[-111.965722179294,40.8524494333088],[-111.965723683952,40.8524217803056],[-111.965721010017,40.8523941778818],[-111.965714192371,40.8523669861168],[-111.965574827738,40.8519443188767],[-111.965554174102,40.8518907133324],[-111.965527831939,40.85183855393],[-111.965495975355,40.8517881854176],[-111.965458814904,40.851739940707],[-111.965416596196,40.8516941386737],[-111.965369598274,40.8516510820486],[-111.965318131766,40.8516110554173],[-111.965262536838,40.8515743233391],[-111.96520318094,40.8515411285979],[-111.965140456382,40.8515116905977],[-111.965074777737,40.8514862039123],[-111.965006579105,40.8514648369989],[-111.964936311239,40.8514477310848],[-111.964864438572,40.8514349992339],[-111.96479143614,40.8514267255989],[-111.964717786448,40.8514229648657],[-111.964006350388,40.8514092445388],[-111.963989280082,40.8514096124557],[-111.963972361479,40.8514113690208],[-111.96395579144,40.8514144937953],[-111.963939762767,40.8514189504201],[-111.963730383441,40.8514870532689],[-111.963697842903,40.8514957982155],[-111.963664111592,40.8515013948917],[-111.963629719605,40.8515037553446],[-111.963595207427,40.8515028424791],[-111.963561117427,40.851498670641],[-111.963527985344,40.8514913053918],[-111.963496331859,40.851480862478],[-111.963466654419,40.8514675060123],[-111.963439419415,40.8514514458946],[-111.963415054855,40.8514329345138],[-111.963393943637,40.8514122627809],[-111.963376417532,40.8513897555578],[-111.963362751968,40.8513657665519],[-111.963353161705,40.8513406727579],[-111.963347797457,40.8513148685326],[-111.963346743526,40.8512887593983],[-111.963372941094,40.8505947479218],[-111.963372957622,40.8505488591385],[-111.963369413009,40.8505030487181],[-111.963362319479,40.850457474648],[-111.963351701495,40.8504122941004],[-111.963337595676,40.850367662891],[-111.963320050669,40.8503237349412],[-111.963299126981,40.8502806617474],[-111.963274896772,40.8502385918582],[-111.963247443605,40.8501976703626],[-111.963216862159,40.8501580383892],[-111.963183257899,40.8501198326198],[-111.963146746717,40.8500831848174],[-111.96310745453,40.8500482213725],[-111.963065516844,40.8500150628665],[-111.963021078292,40.8499838236565],[-111.962974292127,40.8499546114801],[-111.962844391246,40.8498783509104],[-111.962612195609,40.8496096582443],[-111.962598286246,40.8495918555457],[-111.962586924673,40.8495730466003],[-111.96257823647,40.8495534393043],[-111.962572317669,40.8495332503783],[-111.962569233691,40.8495127029718],[-111.962569018624,40.8494920241969],[-111.962571674843,40.8494714426178],[-111.962577172991,40.8494511857248],[-111.962809675852,40.8487764486235],[-111.962829375673,40.8487103920446],[-111.962843254877,40.8486434942311],[-111.96284901219,40.8486007664855],[-111.962852394244,40.8485578936014],[-111.962853395082,40.8485149511],[-111.962852012941,40.8484720146248],[-111.962848250255,40.8484291598093],[-111.962842113653,40.848386462143],[-111.962833613945,40.8483439968389],[-111.962822766102,40.8483018387007],[-111.962754076424,40.8481460125283],[-111.96263124708,40.8478673713202],[-111.962608674417,40.8478214288232],[-111.962581897994,40.8477767968986],[-111.962551049667,40.8477336953328],[-111.962516281345,40.8476923363764],[-111.962477764239,40.8476529236991],[-111.962435688022,40.8476156513868],[-111.96239025989,40.8475807029852],[-111.96234170355,40.8475482505967],[-111.96229025811,40.8475184540321],[-111.962236176904,40.8474914600241],[-111.962179726249,40.8474674015042],[-111.962121184128,40.8474463969485],[-111.962060838823,40.8474285497938],[-111.961998987495,40.8474139479286],[-111.961935934723,40.8474026632596],[-111.961871991002,40.8473947513585],[-111.960822959973,40.8472942182374],[-111.960762655736,40.8472858579644],[-111.960703933645,40.8472725292763],[-111.960647506756,40.847254394019],[-111.960594060255,40.8472316724031],[-111.960294326581,40.8470873000396],[-111.960265158004,40.84707595182],[-111.960233737008,40.8470688322485],[-111.960201124401,40.8470661816911],[-111.960168421221,40.8470680896343],[-111.960136731565,40.8470744916634],[-111.96010712531,40.8470851716373],[-111.960080601998,40.8470997689862],[-111.960058057085,40.8471177908849],[-111.959390192908,40.8477593749512],[-111.95934269252,40.8478029941973],[-111.959292647678,40.8478449538523],[-111.959240159591,40.8478851690623],[-111.959185334407,40.8479235585014],[-111.959128283003,40.8479600445361],[-111.959069120757,40.847994553382],[-111.959007967314,40.8480270152534],[-111.958944946349,40.8480573645041],[-111.958880185312,40.8480855397603],[-111.958813815173,40.8481114840447],[-111.958745970154,40.8481351448914],[-111.958676787462,40.8481564744525],[-111.958606407009,40.8481754295944],[-111.958534971129,40.8481919719854],[-111.958462624289,40.8482060681726],[-111.958389512801,40.8482176896504],[-111.957998415073,40.848272825009],[-111.95793020362,40.8482834139559],[-111.957862544128,40.8482958654107],[-111.957795525443,40.848310163022],[-111.957729235569,40.848326288014],[-111.957663761553,40.8483442192111],[-111.957599189371,40.848363933066],[-111.957535603814,40.8483854036901],[-111.957473088379,40.848408602888],[-111.956461935712,40.848801128116],[-111.955853100732,40.8490879005768],[-111.955724964141,40.8491482545776],[-111.955665685023,40.8491740216769],[-111.955604129179,40.8491965278591],[-111.955540609597,40.8492156586925],[-111.955475449248,40.8492313169073],[-111.955408979448,40.8492434228901],[-111.95534153817,40.8492519150886],[-111.955273468325,40.8492567503248],[-111.955205116022,40.8492579040142],[-111.955136828807,40.849255370291],[-111.955068953892,40.8492491620376],[-111.955001836396,40.8492393108196],[-111.954935817583,40.849225866725],[-111.954871233135,40.8492088981095],[-111.954808411437,40.8491884912493],[-111.954747671913,40.8491647499021],[-111.9546893234,40.8491377947797],[-111.954133901348,40.8488603774794],[-111.953795130484,40.8486467905906],[-111.953773006866,40.848630699914],[-111.953754107257,40.8486124081389],[-111.953738810102,40.8485922815365],[-111.953727421711,40.8485707231185],[-111.953720170123,40.8485481645674],[-111.953717200543,40.8485250575928],[-111.953718572434,40.8485018648863],[-111.953724258326,40.8484790508566],[-111.953734144364,40.8484570723303],[-111.953748032591,40.8484363694045],[-111.953765644911,40.8484173566339],[-111.953786628656,40.8484004147302],[-111.953810563651,40.8483858829382],[-111.953836970622,40.8483740522427],[-111.953865320799,40.848365159542],[-111.9538950465,40.8483593829039],[-111.954427383646,40.8482871949321],[-111.954483181885,40.8482778220299],[-111.954537784654,40.8482650403281],[-111.954590828664,40.8482489348658],[-111.954641960994,40.8482296127957],[-111.954690841444,40.8482072026713],[-111.954737144796,40.8481818535917],[-111.954780562977,40.8481537342095],[-111.954820807113,40.8481230316093],[-111.954845085585,40.8481018345301],[-111.954867859307,40.8480797024262],[-111.954889065457,40.8480566963495],[-111.954908645534,40.8480328797631],[-111.954926545527,40.8480083183659],[-111.954942716057,40.8479830799114],[-111.954957112517,40.8479572340211],[-111.954969695192,40.8479308519919],[-111.954980429372,40.8479040066],[-111.954989285447,40.8478767718997],[-111.954996238987,40.8478492230196],[-111.955001270809,40.8478214359548],[-111.955004367033,40.8477934873577],[-111.955005519118,40.8477654543263],[-111.955004723885,40.8477374141916],[-111.955001983529,40.8477094443044],[-111.954997305609,40.8476816218218],[-111.954990703029,40.8476540234944],[-111.954982194003,40.8476267254543],[-111.954971802003,40.8475998030056],[-111.954959555697,40.8475733304163],[-111.954945488867,40.8475473807134],[-111.954929640318,40.8475220254819],[-111.954912053768,40.8474973346665],[-111.954892777732,40.8474733763795],[-111.954871865384,40.8474502167122],[-111.954849374412,40.8474279195533],[-111.954825366858,40.8474065464118],[-111.95479990895,40.8473861562481],[-111.954773070915,40.8473668053107],[-111.954744926788,40.8473485469816],[-111.954715554206,40.8473314316286],[-111.954358205284,40.847134871732],[-111.954271533245,40.8470842879971],[-111.954188702157,40.8470301467944],[-111.95410996686,40.8469726146871],[-111.954035569592,40.8469118686705],[-111.953965739244,40.846848095628],[-111.953900690658,40.846781491756],[-111.953840623961,40.8467122619605],[-111.953785723957,40.8466406192271],[-111.953736159552,40.846566783965],[-111.953692083235,40.8464909833298],[-111.953653630613,40.8464134505244],[-111.953620919989,40.8463344240814],[-111.953594052002,40.8462541471297],[-111.953573109313,40.8461728666462],[-111.953558156355,40.8460908326961],[-111.953549239133,40.846008297664],[-111.953491283424,40.8452020714629],[-111.953486108972,40.8451604302969],[-111.953476472722,40.8451192456827],[-111.953462438577,40.8450787907444],[-111.953444099608,40.8450393337671],[-111.953421577433,40.8450011364185],[-111.953395021411,40.8449644520133],[-111.953364607653,40.844929523833],[-111.953330537853,40.8448965835127],[-111.95329303795,40.8448658495049],[-111.953252356633,40.8448375256305],[-111.953208763685,40.8448117997273],[-111.953162548201,40.8447888424042],[-111.953114016666,40.8447688059094],[-111.953063490926,40.8447518231211],[-111.953011306051,40.8447380066659],[-111.952957808113,40.8447274481719],[-111.95291906108,40.8447219994452],[-111.95103749031,40.8445001737739],[-111.949929773242,40.8441240726944],[-111.949871568315,40.8441019617395],[-111.949816019164,40.8440762365844],[-111.949763517038,40.8440470784144],[-111.949714431722,40.844014692594],[-111.949669108938,40.8439793072208],[-111.949627867907,40.8439411715188],[-111.9495909991,40.8439005540838],[-111.949558762195,40.8438577409911],[-111.949531384244,40.8438130337809],[-111.949509058078,40.8437667473347],[-111.949491940946,40.8437192076576],[-111.949480153409,40.8436707495821],[-111.94947377849,40.84362171441],[-111.949472861089,40.8435724475083],[-111.949477407667,40.8435232958771],[-111.949487386202,40.8434746057053],[-111.949649602179,40.8428529109114],[-111.949667254082,40.8427972731345],[-111.949691052677,40.8427429614965],[-111.949720828001,40.8426903638831],[-111.949756367403,40.8426398559396],[-111.949797417071,40.8425917983879],[-111.949843683835,40.8425465344503],[-111.949894837269,40.8425043873982],[-111.949950512045,40.8424656582429],[-111.950010310547,40.8424306235857],[-111.950073805707,40.8423995336427],[-111.950140544056,40.8423726104572],[-111.950210048963,40.8423500463139],[-111.95028182404,40.8423320023657],[-111.950355356684,40.8423186074821],[-111.95043012174,40.8423099573293],[-111.950505585254,40.8423061136869],[-111.950595079914,40.8423045193767],[-111.950642813009,40.8423020711165],[-111.950690134955,40.8422967456231],[-111.950736743205,40.8422885769438],[-111.950782339771,40.8422776173035],[-111.950826633137,40.8422639367702],[-111.950869340115,40.8422476228076],[-111.950910187664,40.8422287797157],[-111.950948914627,40.8422075279642],[-111.950985273407,40.8421840034221],[-111.951019031548,40.8421583564893],[-111.951049973218,40.8421307511347],[-111.951077900597,40.8421013638486],[-111.951102635131,40.8420703825139],[-111.951124018683,40.842038005205],[-111.95114191454,40.8420044389217],[-111.951156208285,40.8419698982653],[-111.951166808532,40.8419346040674],[-111.95117364751,40.8418987819774],[-111.951176681495,40.8418626610201],[-111.951175891089,40.8418264721315],[-111.951171281344,40.8417904466822],[-111.951162881734,40.8417548149984],[-111.951150745961,40.8417198048889],[-111.951134951613,40.8416856401893],[-111.95111559967,40.8416525393299],[-111.951092813857,40.8416207139401],[-111.951066739854,40.8415903674948],[-111.951037544363,40.8415616940137],[-111.951005414042,40.8415348768203],[-111.950970554313,40.8415100873706],[-111.95093318805,40.8414874841562],[-111.95089355415,40.841467211691],[-111.949697150007,40.84090733295],[-111.949604926133,40.8408615669321],[-111.949515964192,40.8408122435968],[-111.949430503687,40.8407594957237],[-111.949348774693,40.840703465312],[-111.949270997241,40.8406443031978],[-111.949197380722,40.8405821686486],[-111.949128123324,40.8405172289339],[-111.949063411503,40.8404496588755],[-111.949003419473,40.8403796403769],[-111.948948308746,40.8403073619336],[-111.948898227688,40.8402330181253],[-111.948853311129,40.8401568090931],[-111.94881367999,40.8400789399996],[-111.948779440968,40.8399996204776],[-111.94875068624,40.8399190640651],[-111.948727493218,40.8398374876309],[-111.948708490704,40.8397473593611],[-111.948696252508,40.8396565624522],[-111.948631334855,40.8389881208548],[-111.948626928794,40.8389558714125],[-111.948619947921,40.8389238831939],[-111.94861041789,40.838892273754],[-111.948598373723,40.8388611592555],[-111.948583859682,40.8388306540427],[-111.948566929104,40.838800870221],[-111.948547644208,40.8387719172446],[-111.948526075865,40.8387439015147],[-111.948502303337,40.8387169259884],[-111.948476413986,40.8386910897998],[-111.948448502953,40.8386664878966],[-111.948418672809,40.8386432106902],[-111.948387033179,40.8386213437242],[-111.948353700334,40.8386009673592],[-111.948318796771,40.8385821564785],[-111.948282450759,40.8385649802119],[-111.948245178698,40.8385496835268],[-111.948206754669,40.8385361160019],[-111.948167318664,40.8385243270702],[-111.948127014367,40.8385143596846],[-111.947356613789,40.8383431529631],[-111.947314784694,40.8383328753812],[-111.94727376929,40.838320866518],[-111.947233692662,40.8383071629956],[-111.94719467703,40.8382918066042],[-111.947156841377,40.8382748441742],[-111.94712030109,40.8382563274343],[-111.947085167604,40.8382363128528],[-111.947051548064,40.8382148614662],[-111.947019544999,40.8381920386925],[-111.946989256007,40.8381679141321],[-111.94696077346,40.8381425613553],[-111.946934184219,40.8381160576781],[-111.946909569372,40.8380884839265],[-111.946887003987,40.8380599241897],[-111.946866556879,40.838030465564],[-111.946848290407,40.8380001978872],[-111.946830082658,40.8379646763145],[-111.946814863197,40.8379283588361],[-111.946586463841,40.8373172300015],[-111.946561429273,40.8372548812456],[-111.946533212045,40.8371933153205],[-111.946501854761,40.8371326251826],[-111.946467404765,40.8370729024665],[-111.946429914071,40.8370142373464],[-111.946389439283,40.8369567183997],[-111.946346041512,40.8369004324736],[-111.946299786281,40.8368454645537],[-111.946061947429,40.8365746264174],[-111.945881596262,40.8363442309859],[-111.945406484495,40.8357372762549],[-111.944477223148,40.8349839217554],[-111.944090665504,40.8345152158735],[-111.944072216851,40.8344906661891],[-111.944056465379,40.8344650636082],[-111.944043515234,40.834438577407],[-111.944033452037,40.8344113827043],[-111.944026342324,40.8343836593033],[-111.944022233102,40.8343555905033],[-111.944021151542,40.8343273618873],[-111.944023104792,40.8342991600952],[-111.94402807994,40.8342711715899],[-111.944036044091,40.8342435814244],[-111.944046944588,40.8342165720179],[-111.94406070936,40.8341903219502],[-111.944077247398,40.8341650047809],[-111.944096449357,40.8341407879013],[-111.944118188278,40.8341178314284],[-111.94414232043,40.8340962871455],[-111.944419880988,40.8338683469161],[-111.94443089613,40.8338591529769],[-111.944460608801,40.8338327542351],[-111.944488721472,40.8338053706962],[-111.9445151772,40.833777057826],[-111.944539922398,40.8337478729726],[-111.944562906941,40.8337178752504],[-111.944584084275,40.8336871254205],[-111.944603411502,40.8336556857675],[-111.944620849475,40.8336236199731],[-111.944636362872,40.8335909929875],[-111.94464992027,40.8335578708979],[-111.944661494207,40.8335243207942],[-111.94467106124,40.8334904106333],[-111.94467860199,40.8334562091019],[-111.944684101183,40.8334217854765],[-111.94468754768,40.8333872094839],[-111.9446889345,40.8333525511596],[-111.944689831917,40.8332677537453],[-111.944695092452,40.8327714521048],[-111.944695127486,40.8327545279615]]]},"properties":{"OBJECTID":4,"COUNTYNBR":"18","ENTITYNBR":2010181010,"ENTITYYR":2010,"NAME":"SALT LAKE","FIPS":35,"STATEPLANE":"Central","POP_LASTCENSUS":1185238,"POP_CURRESTIMATE":1186257,"GlobalID":"b48fe17a-42fe-40fd-8bff-270f26145462","FIPS_STR":"49035","COLOR4":4}}]}